project.project_id	cases.case_id	cases.submitter_id	samples.sample_id	samples.submitter_id	portions.portion_id	portions.submitter_id	analytes.a260_a280_ratio	analytes.amount	analytes.analyte_id	analytes.analyte_quantity	analytes.analyte_type	analytes.analyte_type_id	analytes.analyte_volume	analytes.concentration	analytes.experimental_protocol_type	analytes.normal_tumor_genotype_snp_match	analytes.ribosomal_rna_28s_16s_ratio	analytes.rna_integrity_number	analytes.spectrophotometer_method	analytes.state	analytes.submitter_id	analytes.well_number
TCGA-LUSC	f516991c-5139-4b3e-b605-5a3d90688209	TCGA-21-1077	17cc65cf-816c-4656-b2bf-e9889fe4c5e7	TCGA-21-1077-01A	7a8b9931-9777-4f3d-8cc6-d650d9226b5f	TCGA-21-1077-01A-01	1.7	'--	2db4d490-168d-4b9c-997c-f21ecdf70061	'--	RNA	'--	'--	0.15	Allprep RNA Extraction	Yes	2.4	8.9	UV Spec	released	TCGA-21-1077-01A-01R	'--
TCGA-LUSC	f516991c-5139-4b3e-b605-5a3d90688209	TCGA-21-1077	17cc65cf-816c-4656-b2bf-e9889fe4c5e7	TCGA-21-1077-01A	7a8b9931-9777-4f3d-8cc6-d650d9226b5f	TCGA-21-1077-01A-01	'--	'--	7be64da2-9887-445a-a90a-0a736a9133f3	'--	Repli-G (Qiagen) DNA	'--	'--	0.5	Repli-G	Yes	'--	'--	UV Spec	released	TCGA-21-1077-01A-01W	'--
TCGA-LUSC	f516991c-5139-4b3e-b605-5a3d90688209	TCGA-21-1077	17cc65cf-816c-4656-b2bf-e9889fe4c5e7	TCGA-21-1077-01A	7a8b9931-9777-4f3d-8cc6-d650d9226b5f	TCGA-21-1077-01A-01	1.9	'--	ae2b4cb9-46b0-487d-9431-fc420fc6bb63	'--	DNA	'--	'--	0.13	aDNA Preparation Type	Yes	'--	'--	UV Spec	released	TCGA-21-1077-01A-01D	'--
TCGA-LUSC	f516991c-5139-4b3e-b605-5a3d90688209	TCGA-21-1077	17cc65cf-816c-4656-b2bf-e9889fe4c5e7	TCGA-21-1077-01A	7a8b9931-9777-4f3d-8cc6-d650d9226b5f	TCGA-21-1077-01A-01	'--	'--	e145296d-d9dc-486e-b7c7-ed55041f5cd4	'--	Total RNA	'--	'--	0.1	Total RNA	Yes	1.09	7.5	UV Spec	released	TCGA-21-1077-01A-01T	'--
TCGA-LUSC	f516991c-5139-4b3e-b605-5a3d90688209	TCGA-21-1077	bcad837f-4a4e-4af9-a52e-b6e9be5ccd48	TCGA-21-1077-11A	1168e8ac-be4c-4796-851a-1f38523f926a	TCGA-21-1077-11A-01	'--	'--	9b089bb5-de47-4b06-aaa5-87a49ee9e806	'--	Repli-G (Qiagen) DNA	'--	'--	0.5	Repli-G	Yes	'--	'--	UV Spec	released	TCGA-21-1077-11A-01W	'--
TCGA-LUSC	f516991c-5139-4b3e-b605-5a3d90688209	TCGA-21-1077	bcad837f-4a4e-4af9-a52e-b6e9be5ccd48	TCGA-21-1077-11A	1168e8ac-be4c-4796-851a-1f38523f926a	TCGA-21-1077-11A-01	1.6	'--	ccca680d-32ba-40b0-9536-1422752309c7	'--	DNA	'--	'--	0.15	Chemical Lysis DNA Extraction	Yes	'--	'--	UV Spec	released	TCGA-21-1077-11A-01D	'--
TCGA-SKCM	e653f888-37cf-41d5-a1cf-45397c90b31d	TCGA-EE-A2MG	457f41a3-e268-4cf9-9585-fd2a87b9f683	TCGA-EE-A2MG-10A	a085f66c-786b-4957-8997-5d1c0a151dc7	TCGA-EE-A2MG-10A-01	'--	'--	79749a90-33a5-4e3f-8dfe-7cdffa02641a	'--	Repli-G (Qiagen) DNA	'--	'--	'--	Repli-G	Yes	'--	'--	'--	released	TCGA-EE-A2MG-10A-01W	'--
TCGA-SKCM	e653f888-37cf-41d5-a1cf-45397c90b31d	TCGA-EE-A2MG	457f41a3-e268-4cf9-9585-fd2a87b9f683	TCGA-EE-A2MG-10A	a085f66c-786b-4957-8997-5d1c0a151dc7	TCGA-EE-A2MG-10A-01	'--	'--	8c4809a9-5f26-4f7f-beea-7d3020a99faf	'--	DNA	'--	'--	0.15	Pre-extracted DNA received by TSS	Yes	'--	'--	PicoGreen	released	TCGA-EE-A2MG-10A-01D	'--
TCGA-SKCM	e653f888-37cf-41d5-a1cf-45397c90b31d	TCGA-EE-A2MG	f68d55b0-001d-460d-9eb8-81b2aa26a909	TCGA-EE-A2MG-06A	6a309854-90d5-4834-95e9-3c035bb84fd6	TCGA-EE-A2MG-06A-11	'--	'--	34a0ac4a-ea1f-4f71-8022-ab75ddb76a36	'--	Repli-G (Qiagen) DNA	'--	'--	'--	Repli-G	Yes	'--	'--	'--	released	TCGA-EE-A2MG-06A-11W	'--
TCGA-SKCM	e653f888-37cf-41d5-a1cf-45397c90b31d	TCGA-EE-A2MG	f68d55b0-001d-460d-9eb8-81b2aa26a909	TCGA-EE-A2MG-06A	6a309854-90d5-4834-95e9-3c035bb84fd6	TCGA-EE-A2MG-06A-11	1.82	'--	672d7854-6644-4354-95f3-4227239843ec	'--	RNA	'--	'--	0.16	nRNA - Melanoma Protocol	Yes	1.1	7.0	UV Spec	released	TCGA-EE-A2MG-06A-11R	'--
TCGA-SKCM	e653f888-37cf-41d5-a1cf-45397c90b31d	TCGA-EE-A2MG	f68d55b0-001d-460d-9eb8-81b2aa26a909	TCGA-EE-A2MG-06A	6a309854-90d5-4834-95e9-3c035bb84fd6	TCGA-EE-A2MG-06A-11	'--	'--	e59e4b8f-37c7-40bd-b8fc-ec1b668daf77	'--	DNA	'--	'--	0.15	aDNA Preparation Type	Yes	'--	'--	PicoGreen	released	TCGA-EE-A2MG-06A-11D	'--
TCGA-LUSC	ffb83f21-06d9-4e52-a2d0-e85c13f4037f	TCGA-39-5039	a9ba49ad-a77c-432a-83e1-f02fa14c3848	TCGA-39-5039-11A	4f4b1a98-1599-4bcc-a74f-b6938d5d93bf	TCGA-39-5039-11A-01	1.9	'--	4aa8a7c5-3c65-4f12-bdc9-125064629876	'--	DNA	'--	'--	0.17	aDNA Preparation Type	Yes	'--	'--	UV Spec	released	TCGA-39-5039-11A-01D	'--
TCGA-LUSC	ffb83f21-06d9-4e52-a2d0-e85c13f4037f	TCGA-39-5039	a9ba49ad-a77c-432a-83e1-f02fa14c3848	TCGA-39-5039-11A	4f4b1a98-1599-4bcc-a74f-b6938d5d93bf	TCGA-39-5039-11A-01	'--	'--	650c07ee-3858-4c00-a5b2-0bef0fc4ff3e	'--	Repli-G (Qiagen) DNA	'--	'--	0.5	Repli-G	Yes	'--	'--	UV Spec	released	TCGA-39-5039-11A-01W	'--
TCGA-LUSC	ffb83f21-06d9-4e52-a2d0-e85c13f4037f	TCGA-39-5039	f45559d0-fa59-42ba-92f8-a4c7a1ca403d	TCGA-39-5039-01A	369163be-071d-4653-bd32-302cf8836336	TCGA-39-5039-01A-01	1.9	'--	0d162e12-77f5-4bec-958d-b7b29f5d86ca	'--	DNA	'--	'--	0.15	aDNA Preparation Type	Yes	'--	'--	UV Spec	released	TCGA-39-5039-01A-01D	'--
TCGA-LUSC	ffb83f21-06d9-4e52-a2d0-e85c13f4037f	TCGA-39-5039	f45559d0-fa59-42ba-92f8-a4c7a1ca403d	TCGA-39-5039-01A	369163be-071d-4653-bd32-302cf8836336	TCGA-39-5039-01A-01	'--	'--	4938598e-f9d3-4e20-9774-4cc64d044ef8	'--	Repli-G (Qiagen) DNA	'--	'--	0.5	Repli-G	Yes	'--	'--	UV Spec	released	TCGA-39-5039-01A-01W	'--
TCGA-LUSC	ffb83f21-06d9-4e52-a2d0-e85c13f4037f	TCGA-39-5039	f45559d0-fa59-42ba-92f8-a4c7a1ca403d	TCGA-39-5039-01A	369163be-071d-4653-bd32-302cf8836336	TCGA-39-5039-01A-01	'--	'--	5cea482c-78b1-4b13-b9d6-7032e69b2bcc	'--	Total RNA	'--	'--	0.1	Total RNA	Yes	1.1	7.7	UV Spec	released	TCGA-39-5039-01A-01T	'--
TCGA-LUSC	ffb83f21-06d9-4e52-a2d0-e85c13f4037f	TCGA-39-5039	f45559d0-fa59-42ba-92f8-a4c7a1ca403d	TCGA-39-5039-01A	369163be-071d-4653-bd32-302cf8836336	TCGA-39-5039-01A-01	1.8	'--	e3f5ec56-97c8-483d-96dc-825b4955aed6	'--	RNA	'--	'--	0.17	Allprep RNA Extraction	Yes	1.1	7.4	UV Spec	released	TCGA-39-5039-01A-01R	'--
TCGA-LUSC	e28cbc9a-aa60-4bfb-8d89-8c33ee97f560	TCGA-18-3417	cae87e34-a5df-4441-bee6-3d7011d3fde6	TCGA-18-3417-01A	3a193794-27a4-4eec-bb09-6e593509fcad	TCGA-18-3417-01A-01	1.8	'--	2503813b-b422-4c90-9f74-c32b61eba524	'--	RNA	'--	'--	0.17	Allprep RNA Extraction	Yes	1.4	8.0	UV Spec	released	TCGA-18-3417-01A-01R	'--
TCGA-LUSC	e28cbc9a-aa60-4bfb-8d89-8c33ee97f560	TCGA-18-3417	cae87e34-a5df-4441-bee6-3d7011d3fde6	TCGA-18-3417-01A	3a193794-27a4-4eec-bb09-6e593509fcad	TCGA-18-3417-01A-01	'--	'--	a0f99071-c830-4235-ae45-deceb0253a19	'--	Total RNA	'--	'--	0.1	Total RNA	Yes	1.0	7.7	UV Spec	released	TCGA-18-3417-01A-01T	'--
TCGA-LUSC	e28cbc9a-aa60-4bfb-8d89-8c33ee97f560	TCGA-18-3417	cae87e34-a5df-4441-bee6-3d7011d3fde6	TCGA-18-3417-01A	3a193794-27a4-4eec-bb09-6e593509fcad	TCGA-18-3417-01A-01	'--	'--	a4d2a32e-67f3-476d-bc2e-debc44daee3a	'--	Repli-G (Qiagen) DNA	'--	'--	0.5	Repli-G	Yes	'--	'--	UV Spec	released	TCGA-18-3417-01A-01W	'--
TCGA-LUSC	e28cbc9a-aa60-4bfb-8d89-8c33ee97f560	TCGA-18-3417	cae87e34-a5df-4441-bee6-3d7011d3fde6	TCGA-18-3417-01A	3a193794-27a4-4eec-bb09-6e593509fcad	TCGA-18-3417-01A-01	1.9	'--	c3d3833f-a6a2-4b6c-af00-8822eb62ed58	'--	DNA	'--	'--	0.15	aDNA Preparation Type	Yes	'--	'--	UV Spec	released	TCGA-18-3417-01A-01D	'--
TCGA-LUSC	e28cbc9a-aa60-4bfb-8d89-8c33ee97f560	TCGA-18-3417	cdd5283d-f3ce-4cfe-b0c7-c5e121679c3c	TCGA-18-3417-11A	4d2b0094-d3a6-478b-9cad-8c5ff55e2fa1	TCGA-18-3417-11A-01	1.9	'--	6ec9e06f-b097-4517-a04a-93df499eacff	'--	DNA	'--	'--	0.15	aDNA Preparation Type	Yes	'--	'--	UV Spec	released	TCGA-18-3417-11A-01D	'--
TCGA-LUSC	e28cbc9a-aa60-4bfb-8d89-8c33ee97f560	TCGA-18-3417	cdd5283d-f3ce-4cfe-b0c7-c5e121679c3c	TCGA-18-3417-11A	4d2b0094-d3a6-478b-9cad-8c5ff55e2fa1	TCGA-18-3417-11A-01	'--	'--	b4181d4c-89c7-4873-8297-42ff75500336	'--	Repli-G (Qiagen) DNA	'--	'--	0.5	Repli-G	Yes	'--	'--	UV Spec	released	TCGA-18-3417-11A-01W	'--
TCGA-COAD	628408ce-0691-4e0b-b4c7-aca9a0d73bb0	TCGA-AA-3673	2aa51bf3-6a98-442c-a743-5abcafa3005c	TCGA-AA-3673-10A	0f580036-69e3-4e5a-af9c-207ddb3051b1	TCGA-AA-3673-10A-01	'--	'--	2d513be7-3959-4f45-96d3-1b075db4c634	'--	Repli-G (Qiagen) DNA	'--	'--	0.5	Repli-G	Yes	'--	'--	UV Spec	released	TCGA-AA-3673-10A-01W	'--
TCGA-COAD	628408ce-0691-4e0b-b4c7-aca9a0d73bb0	TCGA-AA-3673	2aa51bf3-6a98-442c-a743-5abcafa3005c	TCGA-AA-3673-10A	0f580036-69e3-4e5a-af9c-207ddb3051b1	TCGA-AA-3673-10A-01	1.8	'--	9d778140-9d5e-42f3-b1a4-44c0e02bc013	'--	DNA	'--	'--	0.14	Chemical Lysis DNA Extraction	Yes	'--	'--	UV Spec	released	TCGA-AA-3673-10A-01D	'--
TCGA-COAD	628408ce-0691-4e0b-b4c7-aca9a0d73bb0	TCGA-AA-3673	302ac0c4-205a-4766-8a4e-6646c597da3a	TCGA-AA-3673-10B	5756559c-1873-41b9-83c4-b165010da183	TCGA-AA-3673-10B-01	'--	'--	94e2e4be-1132-4ca7-9f75-88c1822d8c3e	'--	DNA	'--	'--	0.14	aDNA Preparation Type	Yes	'--	'--	PicoGreen	released	TCGA-AA-3673-10B-01D	'--
TCGA-COAD	628408ce-0691-4e0b-b4c7-aca9a0d73bb0	TCGA-AA-3673	8ca89bdb-5e75-4432-a825-bef048fb48c2	TCGA-AA-3673-01A	f00ec074-9033-4283-9a75-8a7329efe7ae	TCGA-AA-3673-01A-01	1.8	'--	1f279323-96c9-4fe4-8a1e-2c578c02571a	'--	RNA	'--	'--	0.15	Allprep RNA Extraction	Yes	1.5	8.9	UV Spec	released	TCGA-AA-3673-01A-01R	'--
TCGA-COAD	628408ce-0691-4e0b-b4c7-aca9a0d73bb0	TCGA-AA-3673	8ca89bdb-5e75-4432-a825-bef048fb48c2	TCGA-AA-3673-01A	f00ec074-9033-4283-9a75-8a7329efe7ae	TCGA-AA-3673-01A-01	'--	'--	7a2220f2-8487-429d-bfb8-bc0c36043c54	'--	Repli-G (Qiagen) DNA	'--	'--	0.5	Repli-G	Yes	'--	'--	UV Spec	released	TCGA-AA-3673-01A-01W	'--
TCGA-COAD	628408ce-0691-4e0b-b4c7-aca9a0d73bb0	TCGA-AA-3673	8ca89bdb-5e75-4432-a825-bef048fb48c2	TCGA-AA-3673-01A	f00ec074-9033-4283-9a75-8a7329efe7ae	TCGA-AA-3673-01A-01	1.9	'--	8ad14c59-3da7-4fc3-97d3-2c910c70fd26	'--	DNA	'--	'--	0.15	aDNA Preparation Type	Yes	'--	'--	UV Spec	released	TCGA-AA-3673-01A-01D	'--
TCGA-COAD	628408ce-0691-4e0b-b4c7-aca9a0d73bb0	TCGA-AA-3673	8ca89bdb-5e75-4432-a825-bef048fb48c2	TCGA-AA-3673-01A	f00ec074-9033-4283-9a75-8a7329efe7ae	TCGA-AA-3673-01A-01	'--	'--	fb7d107c-0a71-4b21-829a-255150baf005	'--	Total RNA	'--	'--	0.1	Total RNA	Yes	'--	'--	UV Spec	released	TCGA-AA-3673-01A-01T	'--
TCGA-UCEC	2714af93-e200-4b4a-9df8-7d837b37489f	TCGA-AX-A1C9	227cdca5-931d-4cda-a885-8e3aeb874d99	TCGA-AX-A1C9-01A	49ad18f5-096a-42da-8832-27431259f97c	TCGA-AX-A1C9-01A-11	1.91	'--	2bc2e234-441b-4e78-84b0-be601c2f3246	'--	RNA	'--	'--	0.17	mirVana (Allprep DNA) RNA	Yes	1.1	7.6	UV Spec	released	TCGA-AX-A1C9-01A-11R	'--
TCGA-UCEC	2714af93-e200-4b4a-9df8-7d837b37489f	TCGA-AX-A1C9	227cdca5-931d-4cda-a885-8e3aeb874d99	TCGA-AX-A1C9-01A	49ad18f5-096a-42da-8832-27431259f97c	TCGA-AX-A1C9-01A-11	'--	'--	64580984-4a3f-4130-8c6b-b4af569a5b20	'--	Repli-G (Qiagen) DNA	'--	'--	'--	Repli-G	Yes	'--	'--	'--	released	TCGA-AX-A1C9-01A-11W	'--
TCGA-UCEC	2714af93-e200-4b4a-9df8-7d837b37489f	TCGA-AX-A1C9	227cdca5-931d-4cda-a885-8e3aeb874d99	TCGA-AX-A1C9-01A	49ad18f5-096a-42da-8832-27431259f97c	TCGA-AX-A1C9-01A-11	2.05	'--	a44ba353-6d63-4fb2-aa7b-864fb7cbeb3d	'--	DNA	'--	'--	0.16	aDNA Preparation Type	Yes	'--	'--	UV Spec	released	TCGA-AX-A1C9-01A-11D	'--
TCGA-UCEC	2714af93-e200-4b4a-9df8-7d837b37489f	TCGA-AX-A1C9	9733477c-87fe-450f-adb4-32050a78377e	TCGA-AX-A1C9-10A	19e1fed4-a94b-4c90-8a9e-6a98b3fe0c20	TCGA-AX-A1C9-10A-01	'--	'--	60ec071c-59c7-46c3-97b9-7eaaded9a92b	'--	Repli-G (Qiagen) DNA	'--	'--	'--	Repli-G	Yes	'--	'--	'--	released	TCGA-AX-A1C9-10A-01W	'--
TCGA-UCEC	2714af93-e200-4b4a-9df8-7d837b37489f	TCGA-AX-A1C9	9733477c-87fe-450f-adb4-32050a78377e	TCGA-AX-A1C9-10A	19e1fed4-a94b-4c90-8a9e-6a98b3fe0c20	TCGA-AX-A1C9-10A-01	1.91	'--	f258013c-bbd4-406e-b575-95b8ca380287	'--	DNA	'--	'--	0.16	Pre-extracted DNA received by TSS	Yes	'--	'--	UV Spec	released	TCGA-AX-A1C9-10A-01D	'--
TCGA-LUSC	eca4bfa2-5ba5-4708-959a-d901c1b61edd	TCGA-39-5040	acb1d1c3-e1e7-4d23-a1ca-12d9ad379855	TCGA-39-5040-11A	c1447168-7f66-4927-bdae-ff0cbc76d65a	TCGA-39-5040-11A-01	'--	'--	8495574a-1722-48db-88a6-d42a6b420165	'--	DNA	'--	'--	0.14	'--	'--	'--	'--	PicoGreen	released	TCGA-39-5040-11A-01D	'--
TCGA-LUSC	eca4bfa2-5ba5-4708-959a-d901c1b61edd	TCGA-39-5040	acb1d1c3-e1e7-4d23-a1ca-12d9ad379855	TCGA-39-5040-11A	c1447168-7f66-4927-bdae-ff0cbc76d65a	TCGA-39-5040-11A-01	'--	'--	c065ddc2-d059-47b2-9c98-92396e66f966	'--	Repli-G (Qiagen) DNA	'--	'--	0.5	'--	'--	'--	'--	PicoGreen	released	TCGA-39-5040-11A-01W	'--
TCGA-LUSC	eca4bfa2-5ba5-4708-959a-d901c1b61edd	TCGA-39-5040	acb1d1c3-e1e7-4d23-a1ca-12d9ad379855	TCGA-39-5040-11A	c1447168-7f66-4927-bdae-ff0cbc76d65a	TCGA-39-5040-11A-01	'--	'--	c5ce37d2-4e29-4a30-b113-9ca9cfe49381	'--	RNA	'--	'--	0.14	'--	'--	'--	'--	UV Spec	released	TCGA-39-5040-11A-01R	'--
TCGA-LUSC	eca4bfa2-5ba5-4708-959a-d901c1b61edd	TCGA-39-5040	acb1d1c3-e1e7-4d23-a1ca-12d9ad379855	TCGA-39-5040-11A	c1447168-7f66-4927-bdae-ff0cbc76d65a	TCGA-39-5040-11A-01	'--	'--	e6685974-4d7e-432c-96bb-c25c0622847f	'--	RNA	'--	'--	0.13	'--	'--	'--	'--	UV Spec	released	TCGA-39-5040-11A-01H	'--
TCGA-LUSC	eca4bfa2-5ba5-4708-959a-d901c1b61edd	TCGA-39-5040	f7803904-c356-42b7-9e42-a2cfded2f89c	TCGA-39-5040-01A	f611b440-a345-49c4-acce-48a8df8b23df	TCGA-39-5040-01A-21	'--	'--	93edae73-8924-499d-b260-4c2d0e37e9bb	'--	RNA	'--	'--	0.15	'--	'--	'--	'--	UV Spec	released	TCGA-39-5040-01A-21R	'--
TCGA-LUSC	eca4bfa2-5ba5-4708-959a-d901c1b61edd	TCGA-39-5040	f7803904-c356-42b7-9e42-a2cfded2f89c	TCGA-39-5040-01A	f611b440-a345-49c4-acce-48a8df8b23df	TCGA-39-5040-01A-21	'--	'--	c0b7413c-ef77-4542-a7c9-2970881de3df	'--	Repli-G (Qiagen) DNA	'--	'--	0.5	'--	'--	'--	'--	PicoGreen	released	TCGA-39-5040-01A-21W	'--
TCGA-LUSC	eca4bfa2-5ba5-4708-959a-d901c1b61edd	TCGA-39-5040	f7803904-c356-42b7-9e42-a2cfded2f89c	TCGA-39-5040-01A	f611b440-a345-49c4-acce-48a8df8b23df	TCGA-39-5040-01A-21	'--	'--	c9bebae1-c98c-4021-a661-690101112b0f	'--	DNA	'--	'--	0.15	'--	'--	'--	'--	PicoGreen	released	TCGA-39-5040-01A-21D	'--
TCGA-LUSC	eca4bfa2-5ba5-4708-959a-d901c1b61edd	TCGA-39-5040	f7803904-c356-42b7-9e42-a2cfded2f89c	TCGA-39-5040-01A	f611b440-a345-49c4-acce-48a8df8b23df	TCGA-39-5040-01A-21	'--	'--	f6ef7d9a-4552-4c76-9340-746675d28932	'--	RNA	'--	'--	0.15	'--	'--	'--	'--	UV Spec	released	TCGA-39-5040-01A-21H	'--
TCGA-HNSC	af31bf2c-8523-4376-bfa8-e2845848d651	TCGA-CN-6010	cd2a5d45-9bae-4c96-b8dd-7ad079153a49	TCGA-CN-6010-01A	490e85f3-107c-4579-8635-2f34b624d8da	TCGA-CN-6010-01A-11	1.9	'--	0892dafe-5455-43c1-9d7f-961b0dcf9e2b	'--	DNA	'--	'--	0.15	aDNA Preparation Type	Yes	'--	'--	UV Spec	released	TCGA-CN-6010-01A-11D	'--
TCGA-HNSC	af31bf2c-8523-4376-bfa8-e2845848d651	TCGA-CN-6010	cd2a5d45-9bae-4c96-b8dd-7ad079153a49	TCGA-CN-6010-01A	490e85f3-107c-4579-8635-2f34b624d8da	TCGA-CN-6010-01A-11	'--	'--	d07f7f49-6f05-4d62-91ee-ca1f99ee1895	'--	Repli-G (Qiagen) DNA	'--	'--	0.5	Repli-G	Yes	'--	'--	UV Spec	released	TCGA-CN-6010-01A-11W	'--
TCGA-HNSC	af31bf2c-8523-4376-bfa8-e2845848d651	TCGA-CN-6010	cd2a5d45-9bae-4c96-b8dd-7ad079153a49	TCGA-CN-6010-01A	490e85f3-107c-4579-8635-2f34b624d8da	TCGA-CN-6010-01A-11	1.8	'--	ecc006f4-410a-46ff-ac72-e616238bb3ca	'--	RNA	'--	'--	0.14	mirVana (Allprep DNA) RNA	Yes	1.83	9.4	UV Spec	released	TCGA-CN-6010-01A-11R	'--
TCGA-HNSC	af31bf2c-8523-4376-bfa8-e2845848d651	TCGA-CN-6010	cece12a4-5f68-4a6d-8815-e88495da08f4	TCGA-CN-6010-10A	bbc4856a-9e8d-41f9-b511-f414a77e4e4e	TCGA-CN-6010-10A-01	'--	'--	434c3db5-a37a-42f6-b1b9-275246ef0850	'--	Repli-G (Qiagen) DNA	'--	'--	0.5	Repli-G	Yes	'--	'--	UV Spec	released	TCGA-CN-6010-10A-01W	'--
TCGA-HNSC	af31bf2c-8523-4376-bfa8-e2845848d651	TCGA-CN-6010	cece12a4-5f68-4a6d-8815-e88495da08f4	TCGA-CN-6010-10A	bbc4856a-9e8d-41f9-b511-f414a77e4e4e	TCGA-CN-6010-10A-01	1.9	'--	6fefdb82-0721-4e07-8c05-7d3781b59d80	'--	DNA	'--	'--	0.16	Chemical Lysis DNA Extraction	Yes	'--	'--	UV Spec	released	TCGA-CN-6010-10A-01D	'--
TCGA-LUSC	cb6065de-0fc2-40e6-9609-179dfc54943f	TCGA-33-6738	834f6de5-88c6-43c9-9c5b-5ac4d6338096	TCGA-33-6738-11A	3e38fc95-d2b8-4142-965b-32e69ed5e10c	TCGA-33-6738-11A-02	1.9	'--	5a651bb6-4746-4e3a-8edf-011d896b2211	'--	DNA	'--	'--	0.15	aDNA Preparation Type	Yes	'--	'--	UV Spec	released	TCGA-33-6738-11A-02D	'--
TCGA-LUSC	cb6065de-0fc2-40e6-9609-179dfc54943f	TCGA-33-6738	834f6de5-88c6-43c9-9c5b-5ac4d6338096	TCGA-33-6738-11A	3e38fc95-d2b8-4142-965b-32e69ed5e10c	TCGA-33-6738-11A-02	'--	'--	dd914391-ca0e-4d6a-b9b5-a952eb641728	'--	Repli-G (Qiagen) DNA	'--	'--	0.5	Repli-G	Yes	'--	'--	PicoGreen	released	TCGA-33-6738-11A-02W	'--
TCGA-LUSC	cb6065de-0fc2-40e6-9609-179dfc54943f	TCGA-33-6738	d0237729-674e-42ab-8a16-db371630edba	TCGA-33-6738-01A	070207a1-89ec-4bca-b9d7-22281757137f	TCGA-33-6738-01A-11	'--	'--	4f853c27-8e96-48ab-b355-f1d4036f721d	'--	Repli-G (Qiagen) DNA	'--	'--	0.5	Repli-G	Yes	'--	'--	PicoGreen	released	TCGA-33-6738-01A-11W	'--
TCGA-LUSC	cb6065de-0fc2-40e6-9609-179dfc54943f	TCGA-33-6738	d0237729-674e-42ab-8a16-db371630edba	TCGA-33-6738-01A	070207a1-89ec-4bca-b9d7-22281757137f	TCGA-33-6738-01A-11	1.8	'--	5a759da2-0b3a-4c73-a4e6-f67516e653a1	'--	RNA	'--	'--	0.15	mirVana (Allprep DNA) RNA	Yes	1.37	7.6	UV Spec	released	TCGA-33-6738-01A-11H	'--
TCGA-LUSC	cb6065de-0fc2-40e6-9609-179dfc54943f	TCGA-33-6738	d0237729-674e-42ab-8a16-db371630edba	TCGA-33-6738-01A	070207a1-89ec-4bca-b9d7-22281757137f	TCGA-33-6738-01A-11	1.9	'--	982b65a2-1f1f-4fbb-a84f-f707c5824a80	'--	DNA	'--	'--	0.15	aDNA Preparation Type	Yes	'--	'--	UV Spec	released	TCGA-33-6738-01A-11D	'--
TCGA-LUSC	cb6065de-0fc2-40e6-9609-179dfc54943f	TCGA-33-6738	d0237729-674e-42ab-8a16-db371630edba	TCGA-33-6738-01A	070207a1-89ec-4bca-b9d7-22281757137f	TCGA-33-6738-01A-11	1.6	'--	e79404a3-9006-476b-aa63-e7213ec06397	'--	RNA	'--	'--	0.15	Allprep RNA Extraction	Yes	1.59	7.1	UV Spec	released	TCGA-33-6738-01A-11R	'--
TCGA-LUAD	d721bfe0-90e3-415e-b9f3-1a270efa5fbb	TCGA-49-4488	1aea8530-43fd-47ea-a2f1-377267dc9d33	TCGA-49-4488-01A	292d9836-78ab-482c-8e98-9817d286642b	TCGA-49-4488-01A-01	1.9	'--	a451b37a-7e86-411d-909e-9c522ca4be26	'--	DNA	'--	'--	0.14	aDNA Preparation Type	Yes	'--	'--	UV Spec	released	TCGA-49-4488-01A-01D	'--
TCGA-LUAD	d721bfe0-90e3-415e-b9f3-1a270efa5fbb	TCGA-49-4488	1aea8530-43fd-47ea-a2f1-377267dc9d33	TCGA-49-4488-01A	292d9836-78ab-482c-8e98-9817d286642b	TCGA-49-4488-01A-01	'--	'--	adc91193-c4e9-47ac-beae-c86d2ae00dea	'--	Total RNA	'--	'--	0.1	Total RNA	Yes	1.77	7.8	UV Spec	released	TCGA-49-4488-01A-01T	'--
TCGA-LUAD	d721bfe0-90e3-415e-b9f3-1a270efa5fbb	TCGA-49-4488	1aea8530-43fd-47ea-a2f1-377267dc9d33	TCGA-49-4488-01A	292d9836-78ab-482c-8e98-9817d286642b	TCGA-49-4488-01A-01	1.7	'--	bf6876e6-d7e2-4a5b-aa3b-7df259874f04	'--	RNA	'--	'--	0.16	Allprep RNA Extraction	Yes	1.95	8.3	UV Spec	released	TCGA-49-4488-01A-01R	'--
TCGA-LUAD	d721bfe0-90e3-415e-b9f3-1a270efa5fbb	TCGA-49-4488	1aea8530-43fd-47ea-a2f1-377267dc9d33	TCGA-49-4488-01A	292d9836-78ab-482c-8e98-9817d286642b	TCGA-49-4488-01A-01	'--	'--	d596b933-6381-459b-945d-89b4e6afdd71	'--	Repli-G (Qiagen) DNA	'--	'--	0.5	Repli-G	Yes	'--	'--	UV Spec	released	TCGA-49-4488-01A-01W	'--
TCGA-LUAD	d721bfe0-90e3-415e-b9f3-1a270efa5fbb	TCGA-49-4488	b5a8c70c-9be7-4923-945c-32807605402a	TCGA-49-4488-11A	872a9ab0-44c0-432a-af66-5c3fd43d4eb5	TCGA-49-4488-11A-01	'--	'--	b7a53c3c-7f8a-436d-88b9-6c2141b6e729	'--	Repli-G (Qiagen) DNA	'--	'--	0.5	Repli-G	Yes	'--	'--	UV Spec	released	TCGA-49-4488-11A-01W	'--
TCGA-LUAD	d721bfe0-90e3-415e-b9f3-1a270efa5fbb	TCGA-49-4488	b5a8c70c-9be7-4923-945c-32807605402a	TCGA-49-4488-11A	872a9ab0-44c0-432a-af66-5c3fd43d4eb5	TCGA-49-4488-11A-01	1.9	'--	cb9eb125-b454-430c-8a0d-6d09cbd40e36	'--	DNA	'--	'--	0.13	aDNA Preparation Type	Yes	'--	'--	UV Spec	released	TCGA-49-4488-11A-01D	'--
TCGA-LUSC	f355cd59-eaa9-46c7-ab07-b90a7afc875c	TCGA-60-2712	06166b19-87b4-48c7-8149-c413c4f0bd43	TCGA-60-2712-11A	34abb6bd-3790-4243-b137-e19a7f3a9cbc	TCGA-60-2712-11A-01	1.9	'--	984d19cf-9993-42bb-bb15-e6b4416f35fc	'--	DNA	'--	'--	0.15	aDNA Preparation Type	Yes	'--	'--	UV Spec	released	TCGA-60-2712-11A-01D	'--
TCGA-LUSC	f355cd59-eaa9-46c7-ab07-b90a7afc875c	TCGA-60-2712	06166b19-87b4-48c7-8149-c413c4f0bd43	TCGA-60-2712-11A	34abb6bd-3790-4243-b137-e19a7f3a9cbc	TCGA-60-2712-11A-01	'--	'--	990d212c-76a1-4e01-99bb-9618019ff7e7	'--	Repli-G (Qiagen) DNA	'--	'--	0.5	Repli-G	Yes	'--	'--	UV Spec	released	TCGA-60-2712-11A-01W	'--
TCGA-LUSC	f355cd59-eaa9-46c7-ab07-b90a7afc875c	TCGA-60-2712	918bd17a-9ed5-4c0b-8ef6-7fa4bf53579e	TCGA-60-2712-01A	160defdd-71e4-432c-845e-f0020ff9516b	TCGA-60-2712-01A-01	'--	'--	223646bb-ed1d-4988-9680-2c47e2ae6bd0	'--	Repli-G (Qiagen) DNA	'--	'--	0.5	Repli-G	Yes	'--	'--	UV Spec	released	TCGA-60-2712-01A-01W	'--
TCGA-LUSC	f355cd59-eaa9-46c7-ab07-b90a7afc875c	TCGA-60-2712	918bd17a-9ed5-4c0b-8ef6-7fa4bf53579e	TCGA-60-2712-01A	160defdd-71e4-432c-845e-f0020ff9516b	TCGA-60-2712-01A-01	1.8	'--	3ac7f02c-d71e-40e6-9a8c-31c4d19652fc	'--	RNA	'--	'--	0.14	Allprep RNA Extraction	Yes	1.3	9.3	UV Spec	released	TCGA-60-2712-01A-01R	'--
TCGA-LUSC	f355cd59-eaa9-46c7-ab07-b90a7afc875c	TCGA-60-2712	918bd17a-9ed5-4c0b-8ef6-7fa4bf53579e	TCGA-60-2712-01A	160defdd-71e4-432c-845e-f0020ff9516b	TCGA-60-2712-01A-01	1.9	'--	c050fb4c-dfa3-446e-af0d-8f31ed5f8814	'--	DNA	'--	'--	0.16	aDNA Preparation Type	Yes	'--	'--	UV Spec	released	TCGA-60-2712-01A-01D	'--
TCGA-LUSC	f355cd59-eaa9-46c7-ab07-b90a7afc875c	TCGA-60-2712	918bd17a-9ed5-4c0b-8ef6-7fa4bf53579e	TCGA-60-2712-01A	160defdd-71e4-432c-845e-f0020ff9516b	TCGA-60-2712-01A-01	'--	'--	e2dce9a9-1381-4616-9d1e-f17cd6d54141	'--	Total RNA	'--	'--	0.1	Total RNA	Yes	1.48	7.7	UV Spec	released	TCGA-60-2712-01A-01T	'--
TCGA-UCEC	e4510c66-a60b-4b09-a4e8-74ec5b26a3a5	TCGA-AX-A2H2	6d3fb251-74e8-40d5-8262-f265a5a3395a	TCGA-AX-A2H2-01A	c3c2036b-9921-420b-a04c-84850761fb86	TCGA-AX-A2H2-01A-11	'--	'--	2c3d65d5-83f9-45f6-95b8-bb4dfe2bea0b	'--	Repli-G (Qiagen) DNA	'--	'--	'--	Repli-G	Yes	'--	'--	'--	released	TCGA-AX-A2H2-01A-11W	'--
TCGA-UCEC	e4510c66-a60b-4b09-a4e8-74ec5b26a3a5	TCGA-AX-A2H2	6d3fb251-74e8-40d5-8262-f265a5a3395a	TCGA-AX-A2H2-01A	c3c2036b-9921-420b-a04c-84850761fb86	TCGA-AX-A2H2-01A-11	1.93	'--	3389740b-0856-4cce-9e28-abadf36c28fc	'--	DNA	'--	'--	0.17	aDNA Preparation Type	Yes	'--	'--	UV Spec	released	TCGA-AX-A2H2-01A-11D	'--
TCGA-UCEC	e4510c66-a60b-4b09-a4e8-74ec5b26a3a5	TCGA-AX-A2H2	6d3fb251-74e8-40d5-8262-f265a5a3395a	TCGA-AX-A2H2-01A	c3c2036b-9921-420b-a04c-84850761fb86	TCGA-AX-A2H2-01A-11	2.36	'--	793f4ac9-457e-40fe-91ca-9ae2e29896dd	'--	RNA	'--	'--	0.17	mirVana (Allprep DNA) RNA	Yes	1.3	7.3	UV Spec	released	TCGA-AX-A2H2-01A-11R	'--
TCGA-UCEC	e4510c66-a60b-4b09-a4e8-74ec5b26a3a5	TCGA-AX-A2H2	70de86ae-b85f-4abf-8409-38939c2b852f	TCGA-AX-A2H2-11A	104f5a48-1988-4408-82a9-6650573733ad	TCGA-AX-A2H2-11A-13	'--	'--	94123da5-7f2b-4f5d-a04a-af4e0b0e0e53	'--	Repli-G (Qiagen) DNA	'--	'--	'--	Repli-G	Yes	'--	'--	'--	released	TCGA-AX-A2H2-11A-13W	'--
TCGA-UCEC	e4510c66-a60b-4b09-a4e8-74ec5b26a3a5	TCGA-AX-A2H2	70de86ae-b85f-4abf-8409-38939c2b852f	TCGA-AX-A2H2-11A	104f5a48-1988-4408-82a9-6650573733ad	TCGA-AX-A2H2-11A-13	'--	'--	f4003745-fdc1-4a2d-a67a-6f191ae7ddc1	'--	DNA	'--	'--	0.17	aDNA Preparation Type	Yes	'--	'--	PicoGreen	released	TCGA-AX-A2H2-11A-13D	'--
TCGA-HNSC	eaf674dd-9909-4879-b9a3-74253169eddd	TCGA-CV-7432	17a776be-6c82-4b3a-b2a8-6858fffe2394	TCGA-CV-7432-11A	40d7bcb6-247a-4292-86aa-7c634a792ba4	TCGA-CV-7432-11A-01	'--	'--	2b9f344d-e78c-4058-8c9e-78c1972c4f8e	'--	Repli-G (Qiagen) DNA	'--	'--	0.5	Repli-G	Yes	'--	'--	PicoGreen	released	TCGA-CV-7432-11A-01W	'--
TCGA-HNSC	eaf674dd-9909-4879-b9a3-74253169eddd	TCGA-CV-7432	17a776be-6c82-4b3a-b2a8-6858fffe2394	TCGA-CV-7432-11A	40d7bcb6-247a-4292-86aa-7c634a792ba4	TCGA-CV-7432-11A-01	'--	'--	cfcb4cf6-3da8-4841-84a7-d4614211998f	'--	RNA	'--	'--	0.15	mirVana (Allprep DNA) RNA	Yes	1.13	8.0	UV Spec	released	TCGA-CV-7432-11A-01R	'--
TCGA-HNSC	eaf674dd-9909-4879-b9a3-74253169eddd	TCGA-CV-7432	17a776be-6c82-4b3a-b2a8-6858fffe2394	TCGA-CV-7432-11A	40d7bcb6-247a-4292-86aa-7c634a792ba4	TCGA-CV-7432-11A-01	'--	'--	f2de81f2-cd2a-4986-98df-0c91d6166d6e	'--	DNA	'--	'--	0.16	aDNA Preparation Type	Yes	'--	'--	PicoGreen	released	TCGA-CV-7432-11A-01D	'--
TCGA-HNSC	eaf674dd-9909-4879-b9a3-74253169eddd	TCGA-CV-7432	53470d1a-5df1-40c4-9758-ddb52a50099f	TCGA-CV-7432-10A	840cfaeb-50bf-4c43-85d8-83a0ba702c10	TCGA-CV-7432-10A-01	'--	'--	1f5d0333-e63b-48a3-8efb-a3c3cdccc3ca	'--	DNA	'--	'--	0.14	Pre-extracted DNA received by TSS	Yes	'--	'--	PicoGreen	released	TCGA-CV-7432-10A-01D	'--
TCGA-HNSC	eaf674dd-9909-4879-b9a3-74253169eddd	TCGA-CV-7432	53470d1a-5df1-40c4-9758-ddb52a50099f	TCGA-CV-7432-10A	840cfaeb-50bf-4c43-85d8-83a0ba702c10	TCGA-CV-7432-10A-01	'--	'--	eb4b1ef4-9c82-41e9-b59e-be54860acfc2	'--	Repli-G (Qiagen) DNA	'--	'--	0.5	Repli-G	Yes	'--	'--	PicoGreen	released	TCGA-CV-7432-10A-01W	'--
TCGA-HNSC	eaf674dd-9909-4879-b9a3-74253169eddd	TCGA-CV-7432	9213ab13-afc6-40b9-b278-98dd05c92934	TCGA-CV-7432-01A	0c1c5e49-45c1-45d4-b23b-0d62cd133142	TCGA-CV-7432-01A-11	'--	'--	1bfde6da-b418-4da2-a41a-0de038cc1394	'--	Repli-G (Qiagen) DNA	'--	'--	0.5	Repli-G	Yes	'--	'--	PicoGreen	released	TCGA-CV-7432-01A-11W	'--
TCGA-HNSC	eaf674dd-9909-4879-b9a3-74253169eddd	TCGA-CV-7432	9213ab13-afc6-40b9-b278-98dd05c92934	TCGA-CV-7432-01A	0c1c5e49-45c1-45d4-b23b-0d62cd133142	TCGA-CV-7432-01A-11	'--	'--	32d7770b-eb5c-44f9-9190-d28c211c6658	'--	RNA	'--	'--	0.16	mirVana (Allprep DNA) RNA	Yes	1.66	8.6	UV Spec	released	TCGA-CV-7432-01A-11R	'--
TCGA-HNSC	eaf674dd-9909-4879-b9a3-74253169eddd	TCGA-CV-7432	9213ab13-afc6-40b9-b278-98dd05c92934	TCGA-CV-7432-01A	0c1c5e49-45c1-45d4-b23b-0d62cd133142	TCGA-CV-7432-01A-11	'--	'--	336037eb-0a28-4c35-82c0-926dce81f565	'--	DNA	'--	'--	0.15	aDNA Preparation Type	Yes	'--	'--	PicoGreen	released	TCGA-CV-7432-01A-11D	'--
TCGA-LUAD	aee86a89-0377-4080-b16c-408bfbe78687	TCGA-69-7980	7eb5a90c-7b49-43bc-825f-2bed1481a1e5	TCGA-69-7980-10A	0ddf4854-e44a-4cfe-bcaa-ec9ed391535a	TCGA-69-7980-10A-01	'--	'--	769cc8be-53f0-4ed4-825e-948a29eb3209	'--	Repli-G (Qiagen) DNA	'--	'--	0.5	Repli-G	Yes	'--	'--	PicoGreen	released	TCGA-69-7980-10A-01W	'--
TCGA-LUAD	aee86a89-0377-4080-b16c-408bfbe78687	TCGA-69-7980	7eb5a90c-7b49-43bc-825f-2bed1481a1e5	TCGA-69-7980-10A	0ddf4854-e44a-4cfe-bcaa-ec9ed391535a	TCGA-69-7980-10A-01	'--	'--	9f947ad0-c415-48b1-a94b-c8a6715a4453	'--	DNA	'--	'--	0.15	Chemical Lysis DNA Extraction	Yes	'--	'--	PicoGreen	released	TCGA-69-7980-10A-01D	'--
TCGA-LUAD	aee86a89-0377-4080-b16c-408bfbe78687	TCGA-69-7980	e54ef0f0-38a5-4226-9a6a-c76aa12de589	TCGA-69-7980-01A	a0748516-2864-416b-9ad0-4d9653e44275	TCGA-69-7980-01A-11	'--	'--	1e25ac7c-f8b4-4cec-9dd8-747568731ee8	'--	RNA	'--	'--	0.15	Allprep RNA Extraction	Yes	1.15	7.9	UV Spec	released	TCGA-69-7980-01A-11R	'--
TCGA-LUAD	aee86a89-0377-4080-b16c-408bfbe78687	TCGA-69-7980	e54ef0f0-38a5-4226-9a6a-c76aa12de589	TCGA-69-7980-01A	a0748516-2864-416b-9ad0-4d9653e44275	TCGA-69-7980-01A-11	'--	'--	616bc6ad-28bd-41a6-ba45-2e0e7378223e	'--	Repli-G (Qiagen) DNA	'--	'--	0.5	Repli-G	Yes	'--	'--	PicoGreen	released	TCGA-69-7980-01A-11W	'--
TCGA-LUAD	aee86a89-0377-4080-b16c-408bfbe78687	TCGA-69-7980	e54ef0f0-38a5-4226-9a6a-c76aa12de589	TCGA-69-7980-01A	a0748516-2864-416b-9ad0-4d9653e44275	TCGA-69-7980-01A-11	'--	'--	6940b85b-21bc-4616-9325-be9fc056afdd	'--	RNA	'--	'--	0.16	mirVana (Allprep DNA) RNA	Yes	1.32	8.1	UV Spec	released	TCGA-69-7980-01A-11H	'--
TCGA-LUAD	aee86a89-0377-4080-b16c-408bfbe78687	TCGA-69-7980	e54ef0f0-38a5-4226-9a6a-c76aa12de589	TCGA-69-7980-01A	a0748516-2864-416b-9ad0-4d9653e44275	TCGA-69-7980-01A-11	'--	'--	bd97c41a-c914-4841-80e0-69ab40d39abc	'--	DNA	'--	'--	0.15	aDNA Preparation Type	Yes	'--	'--	PicoGreen	released	TCGA-69-7980-01A-11D	'--
TCGA-HNSC	e3121dde-eee2-4975-a135-bdb89434a7e2	TCGA-P3-A6T0	794d04a6-d919-44e9-b7fb-b4d626249052	TCGA-P3-A6T0-10A	64e02c86-c633-48c1-9cb7-66ac8c36fb4a	TCGA-P3-A6T0-10A-01	'--	'--	99820b72-21cf-4b6c-99cc-e07f357a840f	'--	Repli-G (Qiagen) DNA	'--	'--	'--	Repli-G	Yes	'--	'--	'--	released	TCGA-P3-A6T0-10A-01W	'--
TCGA-HNSC	e3121dde-eee2-4975-a135-bdb89434a7e2	TCGA-P3-A6T0	794d04a6-d919-44e9-b7fb-b4d626249052	TCGA-P3-A6T0-10A	64e02c86-c633-48c1-9cb7-66ac8c36fb4a	TCGA-P3-A6T0-10A-01	'--	'--	eb2ab86e-b29b-4848-ae67-bfd4028f4bd9	'--	DNA	'--	'--	0.16	Pre-extracted DNA received by TSS	Yes	'--	'--	PicoGreen	released	TCGA-P3-A6T0-10A-01D	'--
TCGA-HNSC	e3121dde-eee2-4975-a135-bdb89434a7e2	TCGA-P3-A6T0	7f1b1326-9af8-47b1-b2a1-0a680d62426c	TCGA-P3-A6T0-01A	bacbe35a-c08b-496b-a5d0-9949681e259d	TCGA-P3-A6T0-01A-12	'--	'--	16449bfe-fee1-4cbd-b118-5089fdf61462	'--	Repli-G (Qiagen) DNA	'--	'--	'--	Repli-G	Yes	'--	'--	'--	released	TCGA-P3-A6T0-01A-12W	'--
TCGA-HNSC	e3121dde-eee2-4975-a135-bdb89434a7e2	TCGA-P3-A6T0	7f1b1326-9af8-47b1-b2a1-0a680d62426c	TCGA-P3-A6T0-01A	bacbe35a-c08b-496b-a5d0-9949681e259d	TCGA-P3-A6T0-01A-12	'--	'--	99508c5f-772f-4aa3-aff1-d63c7b657263	'--	DNA	'--	'--	0.15	aDNA Preparation Type	Yes	'--	'--	PicoGreen	released	TCGA-P3-A6T0-01A-12D	'--
TCGA-HNSC	e3121dde-eee2-4975-a135-bdb89434a7e2	TCGA-P3-A6T0	7f1b1326-9af8-47b1-b2a1-0a680d62426c	TCGA-P3-A6T0-01A	bacbe35a-c08b-496b-a5d0-9949681e259d	TCGA-P3-A6T0-01A-12	1.9	'--	df991c12-c1d3-4f74-a934-02a97875b1e7	'--	RNA	'--	'--	0.17	mirVana (Allprep DNA) RNA	Yes	1.42	8.9	UV Spec	released	TCGA-P3-A6T0-01A-12R	'--
TCGA-COAD	cc1d6ad3-b60d-482e-8fa4-0af26823007d	TCGA-CM-5863	8fa7105d-aba3-49e4-bbc0-083c547f3449	TCGA-CM-5863-01A	7306d6bb-95c6-4ec2-ab6d-04a45dc64f52	TCGA-CM-5863-01A-21	1.8	'--	2ad793d7-e2c9-4143-b469-6d7d94ecd4d2	'--	RNA	'--	'--	0.15	mirVana (Allprep DNA) RNA	Yes	1.9	8.6	UV Spec	released	TCGA-CM-5863-01A-21H	'--
TCGA-COAD	cc1d6ad3-b60d-482e-8fa4-0af26823007d	TCGA-CM-5863	8fa7105d-aba3-49e4-bbc0-083c547f3449	TCGA-CM-5863-01A	7306d6bb-95c6-4ec2-ab6d-04a45dc64f52	TCGA-CM-5863-01A-21	1.7	'--	4125c046-3be7-4811-8136-808ec0d6be10	'--	RNA	'--	'--	0.16	Allprep RNA Extraction	Yes	1.5	8.4	UV Spec	released	TCGA-CM-5863-01A-21R	'--
TCGA-COAD	cc1d6ad3-b60d-482e-8fa4-0af26823007d	TCGA-CM-5863	8fa7105d-aba3-49e4-bbc0-083c547f3449	TCGA-CM-5863-01A	7306d6bb-95c6-4ec2-ab6d-04a45dc64f52	TCGA-CM-5863-01A-21	'--	'--	7dcd6c5b-0894-49a7-94b0-078c69889a8e	'--	Repli-G (Qiagen) DNA	'--	'--	0.5	Repli-G	Yes	'--	'--	PicoGreen	released	TCGA-CM-5863-01A-21W	'--
TCGA-COAD	cc1d6ad3-b60d-482e-8fa4-0af26823007d	TCGA-CM-5863	8fa7105d-aba3-49e4-bbc0-083c547f3449	TCGA-CM-5863-01A	7306d6bb-95c6-4ec2-ab6d-04a45dc64f52	TCGA-CM-5863-01A-21	1.9	'--	a091c319-5b4f-448f-8b11-9bdba9926252	'--	DNA	'--	'--	0.16	aDNA Preparation Type	Yes	'--	'--	UV Spec	released	TCGA-CM-5863-01A-21D	'--
TCGA-COAD	cc1d6ad3-b60d-482e-8fa4-0af26823007d	TCGA-CM-5863	b6b0c55e-2ead-42c7-a0f2-2a7cdf7f35d7	TCGA-CM-5863-10A	c171cdc4-fb48-44ec-b0a4-7a0e09a754f0	TCGA-CM-5863-10A-01	1.9	'--	17759874-b3b2-4479-85f9-7fbd314b1244	'--	DNA	'--	'--	0.15	Pre-extracted DNA received by TSS	Yes	'--	'--	UV Spec	released	TCGA-CM-5863-10A-01D	'--
TCGA-COAD	cc1d6ad3-b60d-482e-8fa4-0af26823007d	TCGA-CM-5863	b6b0c55e-2ead-42c7-a0f2-2a7cdf7f35d7	TCGA-CM-5863-10A	c171cdc4-fb48-44ec-b0a4-7a0e09a754f0	TCGA-CM-5863-10A-01	'--	'--	9ea408c1-e47c-4e55-a60f-c3a58d46c817	'--	Repli-G (Qiagen) DNA	'--	'--	0.5	Repli-G	Yes	'--	'--	PicoGreen	released	TCGA-CM-5863-10A-01W	'--
TCGA-LUSC	c652350b-9e6c-421d-8027-8b8819e4ac6c	TCGA-85-8071	ea556296-ec05-4e4f-b95e-6bf02abb4463	TCGA-85-8071-01A	b6b17675-fb5f-478c-89d9-4ad530551de2	TCGA-85-8071-01A-11	'--	'--	3e847501-f022-4bda-b23e-46f34badb05b	'--	DNA	'--	'--	0.17	'--	'--	'--	'--	PicoGreen	released	TCGA-85-8071-01A-11D	'--
TCGA-LUSC	c652350b-9e6c-421d-8027-8b8819e4ac6c	TCGA-85-8071	ea556296-ec05-4e4f-b95e-6bf02abb4463	TCGA-85-8071-01A	b6b17675-fb5f-478c-89d9-4ad530551de2	TCGA-85-8071-01A-11	'--	'--	7a5b78ef-3ff8-4821-b0fb-33d6b2c02f9f	'--	RNA	'--	'--	0.16	'--	'--	'--	'--	UV Spec	released	TCGA-85-8071-01A-11H	'--
TCGA-LUSC	c652350b-9e6c-421d-8027-8b8819e4ac6c	TCGA-85-8071	ea556296-ec05-4e4f-b95e-6bf02abb4463	TCGA-85-8071-01A	b6b17675-fb5f-478c-89d9-4ad530551de2	TCGA-85-8071-01A-11	'--	'--	d805f04b-ba93-44b4-93bf-177559798c17	'--	Repli-G (Qiagen) DNA	'--	'--	0.5	'--	'--	'--	'--	PicoGreen	released	TCGA-85-8071-01A-11W	'--
TCGA-LUSC	c652350b-9e6c-421d-8027-8b8819e4ac6c	TCGA-85-8071	ea556296-ec05-4e4f-b95e-6bf02abb4463	TCGA-85-8071-01A	b6b17675-fb5f-478c-89d9-4ad530551de2	TCGA-85-8071-01A-11	'--	'--	f6491ee0-fa40-47fe-a9e2-3f155fb8d557	'--	RNA	'--	'--	0.14	'--	'--	'--	'--	UV Spec	released	TCGA-85-8071-01A-11R	'--
TCGA-LUSC	c652350b-9e6c-421d-8027-8b8819e4ac6c	TCGA-85-8071	f14d7719-561b-4d8b-98a2-afc496d13b0f	TCGA-85-8071-10A	b25bc28a-984e-4218-9e79-9701759cff06	TCGA-85-8071-10A-01	'--	'--	5561cd94-9eec-4c9e-8be1-ccb4c551a4fb	'--	DNA	'--	'--	0.17	'--	'--	'--	'--	PicoGreen	released	TCGA-85-8071-10A-01D	'--
TCGA-LUSC	c652350b-9e6c-421d-8027-8b8819e4ac6c	TCGA-85-8071	f14d7719-561b-4d8b-98a2-afc496d13b0f	TCGA-85-8071-10A	b25bc28a-984e-4218-9e79-9701759cff06	TCGA-85-8071-10A-01	'--	'--	8629fb1e-899b-4ce9-8c32-5bf8e6dc6050	'--	Repli-G (Qiagen) DNA	'--	'--	0.5	'--	'--	'--	'--	PicoGreen	released	TCGA-85-8071-10A-01W	'--
TCGA-BLCA	5df620fa-44d9-4361-91d0-f242e3e5e595	TCGA-4Z-AA80	90385a38-5e77-43f7-898a-a129b9f01a83	TCGA-4Z-AA80-10A	82abd020-3faf-43a4-b470-23668a56bf9a	TCGA-4Z-AA80-10A-01	'--	'--	1fe676cd-2c25-4688-9af8-87ae5512baac	'--	Repli-G (Qiagen) DNA	'--	'--	'--	Repli-G	Yes	'--	'--	'--	released	TCGA-4Z-AA80-10A-01W	'--
TCGA-BLCA	5df620fa-44d9-4361-91d0-f242e3e5e595	TCGA-4Z-AA80	90385a38-5e77-43f7-898a-a129b9f01a83	TCGA-4Z-AA80-10A	82abd020-3faf-43a4-b470-23668a56bf9a	TCGA-4Z-AA80-10A-01	'--	'--	62ad1ce9-f1c0-49c0-922c-99a2b1a12f56	'--	DNA	'--	'--	0.14	aDNA Preparation Type	Yes	'--	'--	PicoGreen	released	TCGA-4Z-AA80-10A-01D	'--
TCGA-BLCA	5df620fa-44d9-4361-91d0-f242e3e5e595	TCGA-4Z-AA80	c4b78493-09e1-4509-bea2-a86ebc601eb1	TCGA-4Z-AA80-01A	5951c0ea-12c1-4f17-a644-7dbb08aa4741	TCGA-4Z-AA80-01A-11	'--	'--	78960375-afc4-4a59-851c-ae5028fae5fa	'--	Repli-G (Qiagen) DNA	'--	'--	'--	Repli-G	Yes	'--	'--	'--	released	TCGA-4Z-AA80-01A-11W	'--
TCGA-BLCA	5df620fa-44d9-4361-91d0-f242e3e5e595	TCGA-4Z-AA80	c4b78493-09e1-4509-bea2-a86ebc601eb1	TCGA-4Z-AA80-01A	5951c0ea-12c1-4f17-a644-7dbb08aa4741	TCGA-4Z-AA80-01A-11	1.88	'--	8697c48c-0f66-44f9-a77c-5912072ac7f6	'--	RNA	'--	'--	0.17	mirVana (Allprep DNA) RNA	Yes	1.96	8.9	UV Spec	released	TCGA-4Z-AA80-01A-11R	'--
TCGA-BLCA	5df620fa-44d9-4361-91d0-f242e3e5e595	TCGA-4Z-AA80	c4b78493-09e1-4509-bea2-a86ebc601eb1	TCGA-4Z-AA80-01A	5951c0ea-12c1-4f17-a644-7dbb08aa4741	TCGA-4Z-AA80-01A-11	'--	'--	d2072dcc-f015-4465-9dec-63b8553ead4d	'--	DNA	'--	'--	0.16	aDNA Preparation Type	Yes	'--	'--	PicoGreen	released	TCGA-4Z-AA80-01A-11D	'--
TCGA-LUAD	4b22ad71-c585-4077-ad3c-c6e026d0c7fa	TCGA-44-7669	25c103a5-4caa-43f0-9740-546624249242	TCGA-44-7669-10A	28282701-af49-44ff-b633-1657b4e45ae6	TCGA-44-7669-10A-01	'--	'--	a2419bc0-48e2-46ca-a894-2609cd639fb6	'--	DNA	'--	'--	0.13	Chemical Lysis DNA Extraction	Yes	'--	'--	PicoGreen	released	TCGA-44-7669-10A-01D	'--
TCGA-LUAD	4b22ad71-c585-4077-ad3c-c6e026d0c7fa	TCGA-44-7669	25c103a5-4caa-43f0-9740-546624249242	TCGA-44-7669-10A	28282701-af49-44ff-b633-1657b4e45ae6	TCGA-44-7669-10A-01	'--	'--	f06ac9f0-bf39-437a-b6dd-28c6bea62f64	'--	Repli-G (Qiagen) DNA	'--	'--	0.5	Repli-G	Yes	'--	'--	PicoGreen	released	TCGA-44-7669-10A-01W	'--
TCGA-LUAD	4b22ad71-c585-4077-ad3c-c6e026d0c7fa	TCGA-44-7669	37599a47-3ab8-4b42-a227-270e8652c160	TCGA-44-7669-01A	5bf1bdf4-a716-4eb7-84be-232d5589174e	TCGA-44-7669-01A-21	'--	'--	161dd1bf-be39-4ea2-adb7-1f3d13db5627	'--	RNA	'--	'--	0.15	mirVana (Allprep DNA) RNA	Yes	1.89	9.6	UV Spec	released	TCGA-44-7669-01A-21H	'--
TCGA-LUAD	4b22ad71-c585-4077-ad3c-c6e026d0c7fa	TCGA-44-7669	37599a47-3ab8-4b42-a227-270e8652c160	TCGA-44-7669-01A	5bf1bdf4-a716-4eb7-84be-232d5589174e	TCGA-44-7669-01A-21	'--	'--	483e6064-b86c-4fc8-a6a1-2edb1a74a47c	'--	DNA	'--	'--	0.14	aDNA Preparation Type	Yes	'--	'--	PicoGreen	released	TCGA-44-7669-01A-21D	'--
TCGA-LUAD	4b22ad71-c585-4077-ad3c-c6e026d0c7fa	TCGA-44-7669	37599a47-3ab8-4b42-a227-270e8652c160	TCGA-44-7669-01A	5bf1bdf4-a716-4eb7-84be-232d5589174e	TCGA-44-7669-01A-21	'--	'--	919d53ea-e000-47f8-93be-b9c36ff735e8	'--	Repli-G (Qiagen) DNA	'--	'--	0.5	Repli-G	Yes	'--	'--	PicoGreen	released	TCGA-44-7669-01A-21W	'--
TCGA-LUAD	4b22ad71-c585-4077-ad3c-c6e026d0c7fa	TCGA-44-7669	37599a47-3ab8-4b42-a227-270e8652c160	TCGA-44-7669-01A	5bf1bdf4-a716-4eb7-84be-232d5589174e	TCGA-44-7669-01A-21	'--	'--	b6581c99-7351-4186-a2a8-316ef10156e8	'--	RNA	'--	'--	0.15	Allprep RNA Extraction	Yes	1.72	9.4	UV Spec	released	TCGA-44-7669-01A-21R	'--
TCGA-LUAD	4b22ad71-c585-4077-ad3c-c6e026d0c7fa	TCGA-44-7669	3b77d7ea-b21e-4f65-960b-d15dd57be21e	TCGA-44-7669-11A	811bf319-443c-4c4b-920d-978f8e725197	TCGA-44-7669-11A-01	'--	'--	127c51c7-2f50-4d28-9f9b-7d039db5f294	'--	RNA	'--	'--	0.13	mirVana (Allprep DNA) RNA	Yes	1.17	8.2	UV Spec	released	TCGA-44-7669-11A-01H	'--
TCGA-LUAD	4b22ad71-c585-4077-ad3c-c6e026d0c7fa	TCGA-44-7669	3b77d7ea-b21e-4f65-960b-d15dd57be21e	TCGA-44-7669-11A	811bf319-443c-4c4b-920d-978f8e725197	TCGA-44-7669-11A-01	'--	'--	bf92a14d-cabc-44a8-aa87-5ff3a3ad9c35	'--	DNA	'--	'--	0.14	aDNA Preparation Type	Yes	'--	'--	PicoGreen	released	TCGA-44-7669-11A-01D	'--
TCGA-LUAD	4b22ad71-c585-4077-ad3c-c6e026d0c7fa	TCGA-44-7669	3b77d7ea-b21e-4f65-960b-d15dd57be21e	TCGA-44-7669-11A	811bf319-443c-4c4b-920d-978f8e725197	TCGA-44-7669-11A-01	'--	'--	c1c492c3-45e0-4f96-bbc5-b258c53e0114	'--	Repli-G (Qiagen) DNA	'--	'--	0.5	Repli-G	Yes	'--	'--	PicoGreen	released	TCGA-44-7669-11A-01W	'--
TCGA-LUAD	4b22ad71-c585-4077-ad3c-c6e026d0c7fa	TCGA-44-7669	3b77d7ea-b21e-4f65-960b-d15dd57be21e	TCGA-44-7669-11A	811bf319-443c-4c4b-920d-978f8e725197	TCGA-44-7669-11A-01	'--	'--	faafcc51-6563-4256-8cf5-dde4feeab099	'--	RNA	'--	'--	0.15	Allprep RNA Extraction	Yes	1.15	7.9	UV Spec	released	TCGA-44-7669-11A-01R	'--
TCGA-LUAD	2a394996-809f-459f-a647-d209921ccbd2	TCGA-73-A9RS	5cc1bc02-faff-48f4-a933-0ca009efe45f	TCGA-73-A9RS-10A	fde65ce5-07c5-45ac-a2ee-343c748046f0	TCGA-73-A9RS-10A-01	'--	'--	2035b200-cc5c-4056-aebf-8a908f5dbde3	'--	DNA	'--	'--	0.15	Pre-extracted DNA received by TSS	Yes	'--	'--	PicoGreen	released	TCGA-73-A9RS-10A-01D	'--
TCGA-LUAD	2a394996-809f-459f-a647-d209921ccbd2	TCGA-73-A9RS	72ca76ae-bcf6-4f98-b891-95bec77fad2d	TCGA-73-A9RS-01A	9b9c5c6d-1755-41cd-9bc1-bfbc5d383de0	TCGA-73-A9RS-01A-22-A602-42	'--	'--	6e713557-97a1-4adc-a992-b1a6b7ae6d9c	'--	DNA	'--	'--	'--	'--	'--	'--	'--	'--	released	TCGA-73-A9RS-01A-22-A602-42-X001-S02	'--
TCGA-LUAD	2a394996-809f-459f-a647-d209921ccbd2	TCGA-73-A9RS	72ca76ae-bcf6-4f98-b891-95bec77fad2d	TCGA-73-A9RS-01A	b615e1f3-3614-418b-b29d-ab71c65f7c6f	TCGA-73-A9RS-01A-11	1.84	'--	dc7d8f6d-7502-44d7-805a-9d3582dcda98	'--	RNA	'--	'--	0.18	mirVana (Allprep DNA) RNA	Yes	1.82	8.6	UV Spec	released	TCGA-73-A9RS-01A-11H	'--
TCGA-LUAD	2a394996-809f-459f-a647-d209921ccbd2	TCGA-73-A9RS	72ca76ae-bcf6-4f98-b891-95bec77fad2d	TCGA-73-A9RS-01A	b615e1f3-3614-418b-b29d-ab71c65f7c6f	TCGA-73-A9RS-01A-11	'--	'--	e3f67f68-6c09-46ec-8e96-a6a9b49c5908	'--	DNA	'--	'--	0.16	aDNA Preparation Type	Yes	'--	'--	PicoGreen	released	TCGA-73-A9RS-01A-11D	'--
TCGA-LUAD	2a394996-809f-459f-a647-d209921ccbd2	TCGA-73-A9RS	72ca76ae-bcf6-4f98-b891-95bec77fad2d	TCGA-73-A9RS-01A	b615e1f3-3614-418b-b29d-ab71c65f7c6f	TCGA-73-A9RS-01A-11	1.87	'--	f1be6b95-dd99-4d08-b370-cb0d78fa5619	'--	RNA	'--	'--	0.18	Allprep RNA Extraction	Yes	1.52	9.3	UV Spec	released	TCGA-73-A9RS-01A-11R	'--
TCGA-HNSC	119ea204-792b-49ec-8fd4-eb88c4f91042	TCGA-UF-A71E	94dd4787-2ee1-4346-81e0-121ce63dfab1	TCGA-UF-A71E-01A	2e30d14c-a3ec-4447-90d3-194382696f25	TCGA-UF-A71E-01A-31	1.88	'--	1060ae4c-5e55-4dc6-98ae-0e07885d20d8	'--	RNA	'--	'--	0.17	mirVana (Allprep DNA) RNA	Yes	1.69	8.6	UV Spec	released	TCGA-UF-A71E-01A-31R	'--
TCGA-HNSC	119ea204-792b-49ec-8fd4-eb88c4f91042	TCGA-UF-A71E	94dd4787-2ee1-4346-81e0-121ce63dfab1	TCGA-UF-A71E-01A	2e30d14c-a3ec-4447-90d3-194382696f25	TCGA-UF-A71E-01A-31	'--	'--	56a71446-f74d-4d02-b88c-f1a43bd73ee0	'--	Repli-G (Qiagen) DNA	'--	'--	'--	Repli-G	Yes	'--	'--	'--	released	TCGA-UF-A71E-01A-31W	'--
TCGA-HNSC	119ea204-792b-49ec-8fd4-eb88c4f91042	TCGA-UF-A71E	94dd4787-2ee1-4346-81e0-121ce63dfab1	TCGA-UF-A71E-01A	2e30d14c-a3ec-4447-90d3-194382696f25	TCGA-UF-A71E-01A-31	'--	'--	a008c7e5-f501-49c0-a1f3-be45c6923df7	'--	DNA	'--	'--	0.17	aDNA Preparation Type	Yes	'--	'--	PicoGreen	released	TCGA-UF-A71E-01A-31D	'--
TCGA-HNSC	119ea204-792b-49ec-8fd4-eb88c4f91042	TCGA-UF-A71E	de15de25-9df8-442f-a661-1f3bc67dcd18	TCGA-UF-A71E-10B	b751be45-5164-4d4f-af4a-1ea7e2be7005	TCGA-UF-A71E-10B-01	'--	'--	6f2d53a7-beda-416f-9c32-6874618ad301	'--	Repli-G (Qiagen) DNA	'--	'--	'--	Repli-G	Yes	'--	'--	'--	released	TCGA-UF-A71E-10B-01W	'--
TCGA-HNSC	119ea204-792b-49ec-8fd4-eb88c4f91042	TCGA-UF-A71E	de15de25-9df8-442f-a661-1f3bc67dcd18	TCGA-UF-A71E-10B	b751be45-5164-4d4f-af4a-1ea7e2be7005	TCGA-UF-A71E-10B-01	'--	'--	ac99a05f-3d9c-4cf9-9e75-dbcdbd262e6b	'--	DNA	'--	'--	0.15	aDNA Preparation Type	Yes	'--	'--	PicoGreen	released	TCGA-UF-A71E-10B-01D	'--
TCGA-OV	2956e414-f167-438f-8747-a46fe0723622	TCGA-13-0755	107e2aff-8958-4b98-ae22-d69b6e99e887	TCGA-13-0755-01A	8eec7379-1067-4419-9a64-557b181b60bd	TCGA-13-0755-01A-01	1.9	'--	104e44d8-23c9-4cd3-80db-7b3e15228e88	'--	DNA	'--	'--	0.17	aDNA Preparation Type	Yes	'--	'--	UV Spec	released	TCGA-13-0755-01A-01D	'--
TCGA-OV	2956e414-f167-438f-8747-a46fe0723622	TCGA-13-0755	107e2aff-8958-4b98-ae22-d69b6e99e887	TCGA-13-0755-01A	8eec7379-1067-4419-9a64-557b181b60bd	TCGA-13-0755-01A-01	'--	'--	4648e536-533c-4180-8163-ff0b4abecc1d	'--	GenomePlex (Rubicon) Amplified DNA	'--	'--	0.25	Genomplex	Yes	'--	'--	UV Spec	released	TCGA-13-0755-01A-01G	'--
TCGA-OV	2956e414-f167-438f-8747-a46fe0723622	TCGA-13-0755	107e2aff-8958-4b98-ae22-d69b6e99e887	TCGA-13-0755-01A	8eec7379-1067-4419-9a64-557b181b60bd	TCGA-13-0755-01A-01	'--	'--	91a9de7c-af20-4eea-a118-785385fec8f8	'--	Repli-G (Qiagen) DNA	'--	'--	0.5	Repli-G	Yes	'--	'--	UV Spec	released	TCGA-13-0755-01A-01W	'--
TCGA-OV	2956e414-f167-438f-8747-a46fe0723622	TCGA-13-0755	107e2aff-8958-4b98-ae22-d69b6e99e887	TCGA-13-0755-01A	8eec7379-1067-4419-9a64-557b181b60bd	TCGA-13-0755-01A-01	1.8	'--	c8b61806-75a5-42e0-8f6c-055e4f0c0346	'--	RNA	'--	'--	0.16	Allprep RNA Extraction	Yes	0.8	8.7	UV Spec	released	TCGA-13-0755-01A-01R	'--
TCGA-OV	2956e414-f167-438f-8747-a46fe0723622	TCGA-13-0755	107e2aff-8958-4b98-ae22-d69b6e99e887	TCGA-13-0755-01A	8eec7379-1067-4419-9a64-557b181b60bd	TCGA-13-0755-01A-01	'--	'--	fddc3e0c-a61b-4705-8daa-b990f4be2dd3	'--	Total RNA	'--	'--	0.1	Total RNA	Yes	'--	'--	UV Spec	released	TCGA-13-0755-01A-01T	'--
TCGA-OV	2956e414-f167-438f-8747-a46fe0723622	TCGA-13-0755	6ed7d840-c5f5-44d0-af4e-7b40c9fc095d	TCGA-13-0755-10A	b373ad7f-abbb-4879-b54d-ec254e26663b	TCGA-13-0755-10A-01	'--	'--	1fa8198b-ac6c-4678-9b4e-c2ee3088af55	'--	Repli-G (Qiagen) DNA	'--	'--	0.5	Repli-G	Yes	'--	'--	UV Spec	released	TCGA-13-0755-10A-01W	'--
TCGA-OV	2956e414-f167-438f-8747-a46fe0723622	TCGA-13-0755	6ed7d840-c5f5-44d0-af4e-7b40c9fc095d	TCGA-13-0755-10A	b373ad7f-abbb-4879-b54d-ec254e26663b	TCGA-13-0755-10A-01	1.9	'--	a594cd89-0870-416a-9d9c-3ddceddd7d51	'--	DNA	'--	'--	0.16	Chemical Lysis DNA Extraction	Yes	'--	'--	UV Spec	released	TCGA-13-0755-10A-01D	'--
TCGA-OV	2956e414-f167-438f-8747-a46fe0723622	TCGA-13-0755	6ed7d840-c5f5-44d0-af4e-7b40c9fc095d	TCGA-13-0755-10A	b373ad7f-abbb-4879-b54d-ec254e26663b	TCGA-13-0755-10A-01	'--	'--	d637c1a6-bf84-4dfb-b15b-e2feed59e470	'--	GenomePlex (Rubicon) Amplified DNA	'--	'--	0.29	Genomplex	Yes	'--	'--	UV Spec	released	TCGA-13-0755-10A-01G	'--
TCGA-LUSC	ef6116ce-ae38-488c-b3cc-0e88ba0f1876	TCGA-33-AASD	9a6a91dd-5893-4f5e-9166-b9308bf583a9	TCGA-33-AASD-01A	eb641011-528b-428a-81ce-3906f4c4b68b	TCGA-33-AASD-01A-11	'--	'--	51e9ec8d-4d5b-4e15-9ef2-91196128defc	'--	DNA	'--	'--	0.15	aDNA Preparation Type	Yes	'--	'--	PicoGreen	released	TCGA-33-AASD-01A-11D	'--
TCGA-LUSC	ef6116ce-ae38-488c-b3cc-0e88ba0f1876	TCGA-33-AASD	9a6a91dd-5893-4f5e-9166-b9308bf583a9	TCGA-33-AASD-01A	eb641011-528b-428a-81ce-3906f4c4b68b	TCGA-33-AASD-01A-11	1.88	'--	c16c5d05-780f-40f2-bcfc-cebc647fe32f	'--	RNA	'--	'--	0.16	Allprep RNA Extraction	Yes	1.29	8.4	UV Spec	released	TCGA-33-AASD-01A-11R	'--
TCGA-LUSC	ef6116ce-ae38-488c-b3cc-0e88ba0f1876	TCGA-33-AASD	9a6a91dd-5893-4f5e-9166-b9308bf583a9	TCGA-33-AASD-01A	eb641011-528b-428a-81ce-3906f4c4b68b	TCGA-33-AASD-01A-11	1.82	'--	d2177318-b634-415b-be59-15bc07117350	'--	RNA	'--	'--	0.16	mirVana (Allprep DNA) RNA	Yes	1.3	8.0	UV Spec	released	TCGA-33-AASD-01A-11H	'--
TCGA-LUSC	ef6116ce-ae38-488c-b3cc-0e88ba0f1876	TCGA-33-AASD	f9aef147-3d05-4178-bef5-366e84284d3a	TCGA-33-AASD-11A	6c75de14-57d1-443a-a47e-2e16697c9244	TCGA-33-AASD-11A-11	'--	'--	47acf966-85ae-497e-8848-c0cba2b7b834	'--	DNA	'--	'--	0.14	aDNA Preparation Type	Yes	'--	'--	PicoGreen	released	TCGA-33-AASD-11A-11D	'--
TCGA-ACC	08e0d412-d4d8-4d13-b792-a4dd0bd9ec2b	TCGA-OR-A5J8	2f47f06e-8f76-440e-bbce-b7c90635a59e	TCGA-OR-A5J8-01A	20e1679e-c463-44fc-939c-1edff3057e08	TCGA-OR-A5J8-01A-11	1.86	'--	032b91cf-c655-4eba-b204-e8e70c47b95d	'--	RNA	'--	'--	0.17	mirVana (Allprep DNA) RNA	Yes	1.39	8.0	UV Spec	released	TCGA-OR-A5J8-01A-11R	'--
TCGA-ACC	08e0d412-d4d8-4d13-b792-a4dd0bd9ec2b	TCGA-OR-A5J8	2f47f06e-8f76-440e-bbce-b7c90635a59e	TCGA-OR-A5J8-01A	20e1679e-c463-44fc-939c-1edff3057e08	TCGA-OR-A5J8-01A-11	'--	'--	7084907e-1e96-431d-b131-c331116eed0b	'--	Repli-G (Qiagen) DNA	'--	'--	'--	Repli-G	Yes	'--	'--	'--	released	TCGA-OR-A5J8-01A-11W	'--
TCGA-ACC	08e0d412-d4d8-4d13-b792-a4dd0bd9ec2b	TCGA-OR-A5J8	2f47f06e-8f76-440e-bbce-b7c90635a59e	TCGA-OR-A5J8-01A	20e1679e-c463-44fc-939c-1edff3057e08	TCGA-OR-A5J8-01A-11	'--	'--	b9d71255-27c4-47ec-befe-b403d5900bde	'--	DNA	'--	'--	0.16	aDNA Preparation Type	Yes	'--	'--	PicoGreen	released	TCGA-OR-A5J8-01A-11D	'--
TCGA-ACC	08e0d412-d4d8-4d13-b792-a4dd0bd9ec2b	TCGA-OR-A5J8	5d15c1cf-2f69-45cc-9eef-afcc9cbf4c33	TCGA-OR-A5J8-10A	c9a8e803-cfca-4284-bd48-cd13f975b10f	TCGA-OR-A5J8-10A-01	'--	'--	555ac95a-dbf4-450c-a332-a8d6f77c7956	'--	Repli-G (Qiagen) DNA	'--	'--	'--	Repli-G	Yes	'--	'--	'--	released	TCGA-OR-A5J8-10A-01W	'--
TCGA-ACC	08e0d412-d4d8-4d13-b792-a4dd0bd9ec2b	TCGA-OR-A5J8	5d15c1cf-2f69-45cc-9eef-afcc9cbf4c33	TCGA-OR-A5J8-10A	c9a8e803-cfca-4284-bd48-cd13f975b10f	TCGA-OR-A5J8-10A-01	'--	'--	fd149258-3eff-4b45-9623-7c2fb994208b	'--	DNA	'--	'--	0.15	Pre-extracted DNA received by TSS	Yes	'--	'--	PicoGreen	released	TCGA-OR-A5J8-10A-01D	'--
TCGA-LUSC	a7cd7b0f-ab76-4f3f-a2d5-5ec04fe6c4f3	TCGA-21-A5DI	264be1f2-9de1-437b-95fc-e15d77b527cd	TCGA-21-A5DI-10A	82ccaf37-4428-48e6-9210-bc82692768de	TCGA-21-A5DI-10A-01	'--	'--	6586e001-94b7-4f7e-acab-f6e2efccbd65	'--	DNA	'--	'--	0.15	Pre-extracted DNA received by TSS	Yes	'--	'--	PicoGreen	released	TCGA-21-A5DI-10A-01D	'--
TCGA-LUSC	a7cd7b0f-ab76-4f3f-a2d5-5ec04fe6c4f3	TCGA-21-A5DI	264be1f2-9de1-437b-95fc-e15d77b527cd	TCGA-21-A5DI-10A	82ccaf37-4428-48e6-9210-bc82692768de	TCGA-21-A5DI-10A-01	'--	'--	8eaa934c-448c-4d6b-ae98-28964d8ca471	'--	Repli-G (Qiagen) DNA	'--	'--	'--	Repli-G	Yes	'--	'--	'--	released	TCGA-21-A5DI-10A-01W	'--
TCGA-LUSC	a7cd7b0f-ab76-4f3f-a2d5-5ec04fe6c4f3	TCGA-21-A5DI	4667d6d5-3119-4431-8407-cc05b629027c	TCGA-21-A5DI-01A	75b313e9-0448-4e59-9ce1-8cb015ad8456	TCGA-21-A5DI-01A-31	'--	'--	0d93aa71-6b0a-4a0d-b275-43c3135719eb	'--	DNA	'--	'--	0.17	aDNA Preparation Type	Yes	'--	'--	PicoGreen	released	TCGA-21-A5DI-01A-31D	'--
TCGA-LUSC	a7cd7b0f-ab76-4f3f-a2d5-5ec04fe6c4f3	TCGA-21-A5DI	4667d6d5-3119-4431-8407-cc05b629027c	TCGA-21-A5DI-01A	75b313e9-0448-4e59-9ce1-8cb015ad8456	TCGA-21-A5DI-01A-31	'--	'--	1bfad2d0-4847-459a-b94f-77ca90906e83	'--	Repli-G (Qiagen) DNA	'--	'--	'--	Repli-G	Yes	'--	'--	'--	released	TCGA-21-A5DI-01A-31W	'--
TCGA-LUSC	a7cd7b0f-ab76-4f3f-a2d5-5ec04fe6c4f3	TCGA-21-A5DI	4667d6d5-3119-4431-8407-cc05b629027c	TCGA-21-A5DI-01A	75b313e9-0448-4e59-9ce1-8cb015ad8456	TCGA-21-A5DI-01A-31	1.89	'--	ddb419ce-571b-42ec-b6ae-b72cb713505c	'--	RNA	'--	'--	0.18	mirVana (Allprep DNA) RNA	Yes	1.4	7.1	UV Spec	released	TCGA-21-A5DI-01A-31H	'--
TCGA-LUSC	a7cd7b0f-ab76-4f3f-a2d5-5ec04fe6c4f3	TCGA-21-A5DI	4667d6d5-3119-4431-8407-cc05b629027c	TCGA-21-A5DI-01A	75b313e9-0448-4e59-9ce1-8cb015ad8456	TCGA-21-A5DI-01A-31	1.89	'--	f39ca667-b4a0-420c-a041-e612cd6c5136	'--	RNA	'--	'--	0.18	Allprep RNA Extraction	Yes	1.57	7.1	UV Spec	released	TCGA-21-A5DI-01A-31R	'--
TCGA-LUSC	12b44011-90c0-4a70-8ea4-a216ec0c0860	TCGA-LA-A446	ba20adfc-d832-418d-89be-2fc73e253e34	TCGA-LA-A446-10A	26a641cc-227f-4941-8ec0-b62fcb887e4f	TCGA-LA-A446-10A-01	'--	'--	3a8d4326-91ce-41fc-8afa-3937f651be3b	'--	Repli-G (Qiagen) DNA	'--	'--	'--	Repli-G	Yes	'--	'--	'--	released	TCGA-LA-A446-10A-01W	'--
TCGA-LUSC	12b44011-90c0-4a70-8ea4-a216ec0c0860	TCGA-LA-A446	ba20adfc-d832-418d-89be-2fc73e253e34	TCGA-LA-A446-10A	26a641cc-227f-4941-8ec0-b62fcb887e4f	TCGA-LA-A446-10A-01	'--	'--	7f597b1d-777e-4353-a2ac-83795f7346ec	'--	DNA	'--	'--	0.14	aDNA Preparation Type	Yes	'--	'--	PicoGreen	released	TCGA-LA-A446-10A-01D	'--
TCGA-LUSC	12b44011-90c0-4a70-8ea4-a216ec0c0860	TCGA-LA-A446	f428a2ee-f03c-4820-9fa8-abd9a74eec63	TCGA-LA-A446-01A	3baa7d66-10e8-45d5-9650-7de6c131d749	TCGA-LA-A446-01A-21	'--	'--	190df0fc-cae4-4c20-b057-3fdd6542e81f	'--	Repli-G (Qiagen) DNA	'--	'--	'--	Repli-G	Yes	'--	'--	'--	released	TCGA-LA-A446-01A-21W	'--
TCGA-LUSC	12b44011-90c0-4a70-8ea4-a216ec0c0860	TCGA-LA-A446	f428a2ee-f03c-4820-9fa8-abd9a74eec63	TCGA-LA-A446-01A	3baa7d66-10e8-45d5-9650-7de6c131d749	TCGA-LA-A446-01A-21	'--	'--	24b27539-5acc-4393-8e00-efd6089ef05e	'--	DNA	'--	'--	0.16	aDNA Preparation Type	Yes	'--	'--	PicoGreen	released	TCGA-LA-A446-01A-21D	'--
TCGA-LUSC	12b44011-90c0-4a70-8ea4-a216ec0c0860	TCGA-LA-A446	f428a2ee-f03c-4820-9fa8-abd9a74eec63	TCGA-LA-A446-01A	3baa7d66-10e8-45d5-9650-7de6c131d749	TCGA-LA-A446-01A-21	1.84	'--	75fea3e8-366e-42d7-a5e7-4e641edf7102	'--	RNA	'--	'--	0.16	Allprep RNA Extraction	Yes	1.66	7.9	UV Spec	released	TCGA-LA-A446-01A-21R	'--
TCGA-LUSC	12b44011-90c0-4a70-8ea4-a216ec0c0860	TCGA-LA-A446	f428a2ee-f03c-4820-9fa8-abd9a74eec63	TCGA-LA-A446-01A	3baa7d66-10e8-45d5-9650-7de6c131d749	TCGA-LA-A446-01A-21	1.87	'--	cb77e00d-c095-46eb-b8f1-5cfa2fa66921	'--	RNA	'--	'--	0.18	mirVana (Allprep DNA) RNA	Yes	1.59	7.4	UV Spec	released	TCGA-LA-A446-01A-21H	'--
TCGA-LGG	fcd9e1c4-bddb-4856-844c-03df48fba499	TCGA-DU-6392	14780bb2-67a9-4aca-bce4-12793fb1808e	TCGA-DU-6392-01A	cc573070-7a4f-432b-b9f0-0ad80806cb11	TCGA-DU-6392-01A-11	1.8	'--	18b689e8-de34-4240-9a40-ad279ee7d0d8	'--	RNA	'--	'--	0.14	mirVana (Allprep DNA) RNA	Yes	1.73	8.5	UV Spec	released	TCGA-DU-6392-01A-11R	'--
TCGA-LGG	fcd9e1c4-bddb-4856-844c-03df48fba499	TCGA-DU-6392	14780bb2-67a9-4aca-bce4-12793fb1808e	TCGA-DU-6392-01A	cc573070-7a4f-432b-b9f0-0ad80806cb11	TCGA-DU-6392-01A-11	2.0	'--	4365381e-b269-462e-9c7f-6bbbd04f9150	'--	DNA	'--	'--	0.13	aDNA Preparation Type	Yes	'--	'--	UV Spec	released	TCGA-DU-6392-01A-11D	'--
TCGA-LGG	fcd9e1c4-bddb-4856-844c-03df48fba499	TCGA-DU-6392	14780bb2-67a9-4aca-bce4-12793fb1808e	TCGA-DU-6392-01A	cc573070-7a4f-432b-b9f0-0ad80806cb11	TCGA-DU-6392-01A-11	'--	'--	51b4cc3d-45d2-43ee-8512-c583f297d5e3	'--	Repli-G (Qiagen) DNA	'--	'--	0.5	Repli-G	Yes	'--	'--	UV Spec	released	TCGA-DU-6392-01A-11W	'--
TCGA-LGG	fcd9e1c4-bddb-4856-844c-03df48fba499	TCGA-DU-6392	24654746-1ea4-4fdb-83b8-5096f86c5509	TCGA-DU-6392-10A	a5ff747f-0b65-4e7f-b868-62ad05d4631c	TCGA-DU-6392-10A-01	'--	'--	6e05dd72-04ba-4e0b-894b-18e44bd15981	'--	Repli-G (Qiagen) DNA	'--	'--	0.5	Repli-G	Yes	'--	'--	UV Spec	released	TCGA-DU-6392-10A-01W	'--
TCGA-LGG	fcd9e1c4-bddb-4856-844c-03df48fba499	TCGA-DU-6392	24654746-1ea4-4fdb-83b8-5096f86c5509	TCGA-DU-6392-10A	a5ff747f-0b65-4e7f-b868-62ad05d4631c	TCGA-DU-6392-10A-01	1.9	'--	e9b57fb1-9529-4b7d-ae92-48c1f94f8921	'--	DNA	'--	'--	0.15	Pre-extracted DNA received by TSS	Yes	'--	'--	UV Spec	released	TCGA-DU-6392-10A-01D	'--
TCGA-LGG	58650d08-7685-41de-9ae0-21665f8f449f	TCGA-S9-A7R4	1810f771-6faa-4ec3-9dae-45d7b10b47df	TCGA-S9-A7R4-10A	cd9aa624-41e0-445c-80a0-3567037f0bea	TCGA-S9-A7R4-10A-01	'--	'--	bb4c8779-0190-4f96-a346-781961656a79	'--	Repli-G (Qiagen) DNA	'--	'--	'--	Repli-G	Yes	'--	'--	'--	released	TCGA-S9-A7R4-10A-01W	'--
TCGA-LGG	58650d08-7685-41de-9ae0-21665f8f449f	TCGA-S9-A7R4	1810f771-6faa-4ec3-9dae-45d7b10b47df	TCGA-S9-A7R4-10A	cd9aa624-41e0-445c-80a0-3567037f0bea	TCGA-S9-A7R4-10A-01	'--	'--	d205da2d-5b7e-4f04-a0da-224276b091f7	'--	DNA	'--	'--	0.16	Pre-extracted DNA received by TSS	Yes	'--	'--	PicoGreen	released	TCGA-S9-A7R4-10A-01D	'--
TCGA-LGG	58650d08-7685-41de-9ae0-21665f8f449f	TCGA-S9-A7R4	dd6d0b7c-819d-4572-baad-d46618e0e47f	TCGA-S9-A7R4-01A	ae1f5873-f8e0-4745-8db7-7cb7ae3b96f9	TCGA-S9-A7R4-01A-12	'--	'--	21ac7284-a960-4236-9120-1ff309d0e223	'--	DNA	'--	'--	0.17	aDNA Preparation Type	Yes	'--	'--	PicoGreen	released	TCGA-S9-A7R4-01A-12D	'--
TCGA-LGG	58650d08-7685-41de-9ae0-21665f8f449f	TCGA-S9-A7R4	dd6d0b7c-819d-4572-baad-d46618e0e47f	TCGA-S9-A7R4-01A	ae1f5873-f8e0-4745-8db7-7cb7ae3b96f9	TCGA-S9-A7R4-01A-12	1.9	'--	9fd656e4-3cc3-4f3b-ba5a-8f833e36d91b	'--	RNA	'--	'--	0.17	mirVana (Allprep DNA) RNA	Yes	1.31	7.6	UV Spec	released	TCGA-S9-A7R4-01A-12R	'--
TCGA-LGG	58650d08-7685-41de-9ae0-21665f8f449f	TCGA-S9-A7R4	dd6d0b7c-819d-4572-baad-d46618e0e47f	TCGA-S9-A7R4-01A	ae1f5873-f8e0-4745-8db7-7cb7ae3b96f9	TCGA-S9-A7R4-01A-12	'--	'--	a29c2793-d2de-49c8-bedb-2bdb79400923	'--	Repli-G (Qiagen) DNA	'--	'--	'--	Repli-G	Yes	'--	'--	'--	released	TCGA-S9-A7R4-01A-12W	'--
TCGA-LUAD	552712d3-da16-441e-ba93-11810793d598	TCGA-69-8255	228443d4-e892-4ae7-88b4-a47463d4094c	TCGA-69-8255-01A	2c70e4d9-893b-4e15-aad3-871f0dc7f797	TCGA-69-8255-01A-11	'--	'--	253d6247-620c-49ac-8ae7-074c6ed7310b	'--	DNA	'--	'--	0.14	aDNA Preparation Type	Yes	'--	'--	PicoGreen	released	TCGA-69-8255-01A-11D	'--
TCGA-LUAD	552712d3-da16-441e-ba93-11810793d598	TCGA-69-8255	228443d4-e892-4ae7-88b4-a47463d4094c	TCGA-69-8255-01A	2c70e4d9-893b-4e15-aad3-871f0dc7f797	TCGA-69-8255-01A-11	'--	'--	7ccb76e6-286b-4ac7-97ed-ecc2506d0a20	'--	Repli-G (Qiagen) DNA	'--	'--	0.5	Repli-G	Yes	'--	'--	PicoGreen	released	TCGA-69-8255-01A-11W	'--
TCGA-LUAD	552712d3-da16-441e-ba93-11810793d598	TCGA-69-8255	228443d4-e892-4ae7-88b4-a47463d4094c	TCGA-69-8255-01A	2c70e4d9-893b-4e15-aad3-871f0dc7f797	TCGA-69-8255-01A-11	'--	'--	d13bc9e9-ff14-4b8f-891c-5e9fcd609073	'--	RNA	'--	'--	0.15	Allprep RNA Extraction	Yes	1.66	9.1	UV Spec	released	TCGA-69-8255-01A-11R	'--
TCGA-LUAD	552712d3-da16-441e-ba93-11810793d598	TCGA-69-8255	228443d4-e892-4ae7-88b4-a47463d4094c	TCGA-69-8255-01A	2c70e4d9-893b-4e15-aad3-871f0dc7f797	TCGA-69-8255-01A-11	'--	'--	ff530ad4-660e-4ace-bc5e-001481b32148	'--	RNA	'--	'--	0.13	mirVana (Allprep DNA) RNA	Yes	1.72	9.2	UV Spec	released	TCGA-69-8255-01A-11H	'--
TCGA-LUAD	552712d3-da16-441e-ba93-11810793d598	TCGA-69-8255	77a957ec-8948-4c6a-b584-3cc16b7a69b0	TCGA-69-8255-10A	6a24ef56-3ce8-476b-9d87-66dfb26a76c2	TCGA-69-8255-10A-01	'--	'--	7b6912d3-da76-4767-b99b-b6d3940d9d64	'--	DNA	'--	'--	0.14	Chemical Lysis DNA Extraction	Yes	'--	'--	PicoGreen	released	TCGA-69-8255-10A-01D	'--
TCGA-LUAD	552712d3-da16-441e-ba93-11810793d598	TCGA-69-8255	77a957ec-8948-4c6a-b584-3cc16b7a69b0	TCGA-69-8255-10A	6a24ef56-3ce8-476b-9d87-66dfb26a76c2	TCGA-69-8255-10A-01	'--	'--	afef7e53-304c-4fee-a081-90832b3cd956	'--	Repli-G (Qiagen) DNA	'--	'--	0.5	Repli-G	Yes	'--	'--	PicoGreen	released	TCGA-69-8255-10A-01W	'--
TCGA-GBM	a3cc2845-8a44-4b50-8a3e-17a3c2c3e077	TCGA-12-0662	54212afb-b50f-450e-9c45-d73b08b523dd	TCGA-12-0662-10A	7db72051-c8fc-4c57-b2dc-f0dcd2bcb3e6	TCGA-12-0662-10A-01	'--	'--	189ea111-7abb-4bee-a770-6034a1109eae	'--	Repli-G (Qiagen) DNA	'--	'--	0.5	Repli-G	Yes	'--	'--	UV Spec	released	TCGA-12-0662-10A-01W	'--
TCGA-GBM	a3cc2845-8a44-4b50-8a3e-17a3c2c3e077	TCGA-12-0662	54212afb-b50f-450e-9c45-d73b08b523dd	TCGA-12-0662-10A	7db72051-c8fc-4c57-b2dc-f0dcd2bcb3e6	TCGA-12-0662-10A-01	1.86	'--	4139b0ab-3aae-47c7-8ba6-37c917d0cfba	'--	DNA	'--	'--	0.19	Chemical Lysis DNA Extraction	Yes	'--	'--	UV Spec	released	TCGA-12-0662-10A-01D	'--
TCGA-GBM	a3cc2845-8a44-4b50-8a3e-17a3c2c3e077	TCGA-12-0662	d2252ffb-c505-41d6-91b0-ea7ea9412902	TCGA-12-0662-01A	e672d201-fc89-41e8-8d95-3791406f2016	TCGA-12-0662-01A-01	1.89	'--	aba55c4f-7b09-49c0-a0ef-20cb5f8a3345	'--	DNA	'--	'--	0.16	aDNA Preparation Type	Yes	'--	'--	UV Spec	released	TCGA-12-0662-01A-01D	'--
TCGA-GBM	a3cc2845-8a44-4b50-8a3e-17a3c2c3e077	TCGA-12-0662	d2252ffb-c505-41d6-91b0-ea7ea9412902	TCGA-12-0662-01A	e672d201-fc89-41e8-8d95-3791406f2016	TCGA-12-0662-01A-01	1.8	'--	b9e5c3fc-fe45-4fa1-9fd3-b781d5fe9779	'--	RNA	'--	'--	0.18	Allprep RNA Extraction	Yes	1.4	'--	UV Spec	released	TCGA-12-0662-01A-01R	'--
TCGA-GBM	a3cc2845-8a44-4b50-8a3e-17a3c2c3e077	TCGA-12-0662	d2252ffb-c505-41d6-91b0-ea7ea9412902	TCGA-12-0662-01A	e672d201-fc89-41e8-8d95-3791406f2016	TCGA-12-0662-01A-01	'--	'--	e92af9b1-eb8b-45b4-a73e-6a1da193c087	'--	Repli-G (Qiagen) DNA	'--	'--	0.5	Repli-G	Yes	'--	'--	UV Spec	released	TCGA-12-0662-01A-01W	'--
TCGA-GBM	a3cc2845-8a44-4b50-8a3e-17a3c2c3e077	TCGA-12-0662	d2252ffb-c505-41d6-91b0-ea7ea9412902	TCGA-12-0662-01A	e672d201-fc89-41e8-8d95-3791406f2016	TCGA-12-0662-01A-01	'--	'--	ebd7a887-bc56-49cb-8cc1-84880cab2929	'--	Total RNA	'--	'--	0.1	Total RNA	Yes	'--	'--	UV Spec	released	TCGA-12-0662-01A-01T	'--
TCGA-BRCA	5d1d00c6-fcae-479e-ae1e-de76efd41d98	TCGA-BH-A0BW	449e6d54-ad02-45e2-a3d2-a5dca2c3ba14	TCGA-BH-A0BW-10A	23f437e6-611a-400f-b607-5a6649c1f507	TCGA-BH-A0BW-10A-01	'--	'--	3d8d18f7-1022-4048-a9e7-b75822988b1a	'--	Repli-G (Qiagen) DNA	'--	'--	'--	Repli-G	Yes	'--	'--	'--	released	TCGA-BH-A0BW-10A-01W	'--
TCGA-BRCA	5d1d00c6-fcae-479e-ae1e-de76efd41d98	TCGA-BH-A0BW	449e6d54-ad02-45e2-a3d2-a5dca2c3ba14	TCGA-BH-A0BW-10A	23f437e6-611a-400f-b607-5a6649c1f507	TCGA-BH-A0BW-10A-01	1.86	'--	eca3b6c8-1475-4884-b1ca-b05e8803a42d	'--	DNA	'--	'--	0.13	aDNA Preparation Type	Yes	'--	'--	UV Spec	released	TCGA-BH-A0BW-10A-01D	'--
TCGA-BRCA	5d1d00c6-fcae-479e-ae1e-de76efd41d98	TCGA-BH-A0BW	d03b3d7b-3629-4fde-a47a-3184f67236eb	TCGA-BH-A0BW-11A	c1ce2ed9-a2d5-4ad4-9338-d5504fe0b97d	TCGA-BH-A0BW-11A-12	2.17	'--	bf1377b7-0440-4b68-a10e-de099f95f43a	'--	DNA	'--	'--	0.16	aDNA Preparation Type	Yes	'--	'--	UV Spec	released	TCGA-BH-A0BW-11A-12D	'--
TCGA-BRCA	5d1d00c6-fcae-479e-ae1e-de76efd41d98	TCGA-BH-A0BW	d03b3d7b-3629-4fde-a47a-3184f67236eb	TCGA-BH-A0BW-11A	c1ce2ed9-a2d5-4ad4-9338-d5504fe0b97d	TCGA-BH-A0BW-11A-12	'--	'--	d009bf79-729e-46c5-8fe5-d3dbb0e23d5d	'--	Repli-G (Qiagen) DNA	'--	'--	'--	Repli-G	Yes	'--	'--	'--	released	TCGA-BH-A0BW-11A-12W	'--
TCGA-BRCA	5d1d00c6-fcae-479e-ae1e-de76efd41d98	TCGA-BH-A0BW	d03b3d7b-3629-4fde-a47a-3184f67236eb	TCGA-BH-A0BW-11A	c1ce2ed9-a2d5-4ad4-9338-d5504fe0b97d	TCGA-BH-A0BW-11A-12	1.83	'--	ec9605e7-a1b4-4b2d-a3dc-eaae5a5145cd	'--	RNA	'--	'--	0.15	mirVana (Allprep DNA) RNA	Yes	1.6	8.6	UV Spec	released	TCGA-BH-A0BW-11A-12R	'--
TCGA-BRCA	5d1d00c6-fcae-479e-ae1e-de76efd41d98	TCGA-BH-A0BW	dbeeddc1-d149-46f7-91ff-d057f8c6bffb	TCGA-BH-A0BW-01A	0dc1e936-3c67-433a-a37b-f61d0cd2fe00	TCGA-BH-A0BW-01A-11	1.87	'--	12055377-6fff-415f-8adb-aa2bb21f949a	'--	RNA	'--	'--	0.14	mirVana (Allprep DNA) RNA	Yes	1.6	9.1	UV Spec	released	TCGA-BH-A0BW-01A-11R	'--
TCGA-BRCA	5d1d00c6-fcae-479e-ae1e-de76efd41d98	TCGA-BH-A0BW	dbeeddc1-d149-46f7-91ff-d057f8c6bffb	TCGA-BH-A0BW-01A	0dc1e936-3c67-433a-a37b-f61d0cd2fe00	TCGA-BH-A0BW-01A-11	1.91	'--	89a5bd7e-d214-4e4d-8e09-2851996f727b	'--	DNA	'--	'--	0.16	aDNA Preparation Type	Yes	'--	'--	UV Spec	released	TCGA-BH-A0BW-01A-11D	'--
TCGA-BRCA	5d1d00c6-fcae-479e-ae1e-de76efd41d98	TCGA-BH-A0BW	dbeeddc1-d149-46f7-91ff-d057f8c6bffb	TCGA-BH-A0BW-01A	0dc1e936-3c67-433a-a37b-f61d0cd2fe00	TCGA-BH-A0BW-01A-11	'--	'--	f87ca65a-6f95-4d7e-8523-3e23f510a404	'--	Repli-G (Qiagen) DNA	'--	'--	'--	Repli-G	Yes	'--	'--	'--	released	TCGA-BH-A0BW-01A-11W	'--
TCGA-HNSC	b39c64bb-122d-44b3-9672-d0dc8468ca93	TCGA-BA-A6D8	7196f5a5-f79a-49ae-91aa-e9b7378d76cc	TCGA-BA-A6D8-01A	b5c75f47-c4d5-42e8-95d1-c9ce466cc2fb	TCGA-BA-A6D8-01A-31	1.88	'--	750c57e5-17cc-41a3-b113-7283c4896334	'--	RNA	'--	'--	0.16	mirVana (Allprep DNA) RNA	Yes	2.11	9.0	UV Spec	released	TCGA-BA-A6D8-01A-31R	'--
TCGA-HNSC	b39c64bb-122d-44b3-9672-d0dc8468ca93	TCGA-BA-A6D8	7196f5a5-f79a-49ae-91aa-e9b7378d76cc	TCGA-BA-A6D8-01A	b5c75f47-c4d5-42e8-95d1-c9ce466cc2fb	TCGA-BA-A6D8-01A-31	'--	'--	f0e88c00-21db-47d7-9707-12cffe00c3e6	'--	DNA	'--	'--	0.15	aDNA Preparation Type	Yes	'--	'--	PicoGreen	released	TCGA-BA-A6D8-01A-31D	'--
TCGA-HNSC	b39c64bb-122d-44b3-9672-d0dc8468ca93	TCGA-BA-A6D8	7196f5a5-f79a-49ae-91aa-e9b7378d76cc	TCGA-BA-A6D8-01A	b5c75f47-c4d5-42e8-95d1-c9ce466cc2fb	TCGA-BA-A6D8-01A-31	'--	'--	f1b96051-5d38-4d78-be47-4d209719b22e	'--	Repli-G (Qiagen) DNA	'--	'--	'--	Repli-G	Yes	'--	'--	'--	released	TCGA-BA-A6D8-01A-31W	'--
TCGA-HNSC	b39c64bb-122d-44b3-9672-d0dc8468ca93	TCGA-BA-A6D8	e7a4b42b-cf6b-4040-ade1-6fa0695c1cf4	TCGA-BA-A6D8-10A	1ac6781c-0d6d-4726-9885-6184339ef61a	TCGA-BA-A6D8-10A-01	'--	'--	485ebe40-1be7-4062-ac82-d60dd395c173	'--	Repli-G (Qiagen) DNA	'--	'--	'--	Repli-G	Yes	'--	'--	'--	released	TCGA-BA-A6D8-10A-01W	'--
TCGA-HNSC	b39c64bb-122d-44b3-9672-d0dc8468ca93	TCGA-BA-A6D8	e7a4b42b-cf6b-4040-ade1-6fa0695c1cf4	TCGA-BA-A6D8-10A	1ac6781c-0d6d-4726-9885-6184339ef61a	TCGA-BA-A6D8-10A-01	'--	'--	54a8997d-c31d-4a8d-94ce-264ddd1a6896	'--	DNA	'--	'--	0.14	Pre-extracted DNA received by TSS	Yes	'--	'--	PicoGreen	released	TCGA-BA-A6D8-10A-01D	'--
TCGA-LIHC	7444eea6-90e8-42dd-a7b5-0afc6d96e1e8	TCGA-CC-5259	e39da58f-115a-4614-b6da-9161132faf29	TCGA-CC-5259-10A	a068cdf2-2764-4cc7-867a-9871b5b7fde5	TCGA-CC-5259-10A-01	'--	'--	0fe50741-0423-497f-b683-08aec5650f1c	'--	DNA	'--	'--	0.17	aDNA Preparation Type	Yes	'--	'--	PicoGreen	released	TCGA-CC-5259-10A-01D	'--
TCGA-LIHC	7444eea6-90e8-42dd-a7b5-0afc6d96e1e8	TCGA-CC-5259	e39da58f-115a-4614-b6da-9161132faf29	TCGA-CC-5259-10A	a068cdf2-2764-4cc7-867a-9871b5b7fde5	TCGA-CC-5259-10A-01	'--	'--	f5bb78d1-4461-4749-b46b-11b73d56923c	'--	Repli-G (Qiagen) DNA	'--	'--	'--	Repli-G	Yes	'--	'--	'--	released	TCGA-CC-5259-10A-01W	'--
TCGA-LIHC	7444eea6-90e8-42dd-a7b5-0afc6d96e1e8	TCGA-CC-5259	e5587496-5655-4b18-82e3-e00593a1c64c	TCGA-CC-5259-01A	41539eb4-485b-45dc-9fa2-59e00363b18a	TCGA-CC-5259-01A-31	'--	'--	02d6426a-378a-4223-a200-e7980996b65a	'--	Repli-G (Qiagen) DNA	'--	'--	'--	Repli-G	Yes	'--	'--	'--	released	TCGA-CC-5259-01A-31W	'--
TCGA-LIHC	7444eea6-90e8-42dd-a7b5-0afc6d96e1e8	TCGA-CC-5259	e5587496-5655-4b18-82e3-e00593a1c64c	TCGA-CC-5259-01A	41539eb4-485b-45dc-9fa2-59e00363b18a	TCGA-CC-5259-01A-31	'--	'--	51822594-9431-4079-895e-6e08120f3e43	'--	DNA	'--	'--	0.16	aDNA Preparation Type	Yes	'--	'--	PicoGreen	released	TCGA-CC-5259-01A-31D	'--
TCGA-LIHC	7444eea6-90e8-42dd-a7b5-0afc6d96e1e8	TCGA-CC-5259	e5587496-5655-4b18-82e3-e00593a1c64c	TCGA-CC-5259-01A	41539eb4-485b-45dc-9fa2-59e00363b18a	TCGA-CC-5259-01A-31	1.76	'--	54804cc4-d0f2-4fbd-be8b-bfd671b9bfb0	'--	RNA	'--	'--	0.15	mirVana (Allprep DNA) RNA	Yes	1.8	7.6	UV Spec	released	TCGA-CC-5259-01A-31R	'--
TCGA-STAD	8b5746f9-dbee-40bd-9141-1081960cf286	TCGA-D7-5579	633dce5b-7a88-46dc-ad06-8897a609675b	TCGA-D7-5579-01A	2c14bd52-645a-4dd3-b7ce-01688647ade5	TCGA-D7-5579-01A-01	'--	'--	490e75e9-206e-4447-b719-e0eb814fd47f	'--	Repli-G (Qiagen) DNA	'--	'--	0.5	Repli-G	Yes	'--	'--	UV Spec	released	TCGA-D7-5579-01A-01W	'--
TCGA-STAD	8b5746f9-dbee-40bd-9141-1081960cf286	TCGA-D7-5579	633dce5b-7a88-46dc-ad06-8897a609675b	TCGA-D7-5579-01A	2c14bd52-645a-4dd3-b7ce-01688647ade5	TCGA-D7-5579-01A-01	1.89	'--	7d50099a-a095-4e7c-9588-7cb68d0d36cf	'--	DNA	'--	'--	0.15	aDNA Preparation Type	Yes	'--	'--	UV Spec	released	TCGA-D7-5579-01A-01D	'--
TCGA-STAD	8b5746f9-dbee-40bd-9141-1081960cf286	TCGA-D7-5579	633dce5b-7a88-46dc-ad06-8897a609675b	TCGA-D7-5579-01A	2c14bd52-645a-4dd3-b7ce-01688647ade5	TCGA-D7-5579-01A-01	1.7	'--	e4689157-53ab-4ccd-94d3-a69401c0d672	'--	RNA	'--	'--	0.14	mirVana (Allprep DNA) RNA	Yes	1.58	8.9	UV Spec	released	TCGA-D7-5579-01A-01R	'--
TCGA-STAD	8b5746f9-dbee-40bd-9141-1081960cf286	TCGA-D7-5579	a6ae07dc-a946-4d82-bf8d-f1837cff3d1f	TCGA-D7-5579-10A	f5c97519-7ee3-4063-aafb-668c99447031	TCGA-D7-5579-10A-01	'--	'--	4fae4346-22f3-46c3-b482-712431b1f933	'--	Repli-G (Qiagen) DNA	'--	'--	0.5	Repli-G	Yes	'--	'--	UV Spec	released	TCGA-D7-5579-10A-01W	'--
TCGA-STAD	8b5746f9-dbee-40bd-9141-1081960cf286	TCGA-D7-5579	a6ae07dc-a946-4d82-bf8d-f1837cff3d1f	TCGA-D7-5579-10A	f5c97519-7ee3-4063-aafb-668c99447031	TCGA-D7-5579-10A-01	1.9	'--	5c7fefbc-8167-4759-b6af-ed003aaa36be	'--	DNA	'--	'--	0.15	Chemical Lysis DNA Extraction	Yes	'--	'--	UV Spec	released	TCGA-D7-5579-10A-01D	'--
TCGA-LUAD	d15b7b29-c5c5-41d8-b83b-7cc12fe92820	TCGA-05-4415	57e160f5-45fc-44ef-95c6-54e112e3b7f5	TCGA-05-4415-01A	fa322482-2162-4a8a-a730-dbc15297d851	TCGA-05-4415-01A-22	1.8	'--	7a3b0a2e-ce4e-4f70-a2df-6140198dc8ad	'--	RNA	'--	'--	0.15	mirVana (Allprep DNA) RNA	Yes	1.44	8.5	UV Spec	released	TCGA-05-4415-01A-22H	'--
TCGA-LUAD	d15b7b29-c5c5-41d8-b83b-7cc12fe92820	TCGA-05-4415	57e160f5-45fc-44ef-95c6-54e112e3b7f5	TCGA-05-4415-01A	fa322482-2162-4a8a-a730-dbc15297d851	TCGA-05-4415-01A-22	'--	'--	c3a4146b-083a-4f68-be0c-b9606ff40414	'--	Repli-G (Qiagen) DNA	'--	'--	0.5	Repli-G	Yes	'--	'--	PicoGreen	released	TCGA-05-4415-01A-22W	'--
TCGA-LUAD	d15b7b29-c5c5-41d8-b83b-7cc12fe92820	TCGA-05-4415	57e160f5-45fc-44ef-95c6-54e112e3b7f5	TCGA-05-4415-01A	fa322482-2162-4a8a-a730-dbc15297d851	TCGA-05-4415-01A-22	1.9	'--	e28b03ee-68cf-451e-bd7f-3cb2db427d0a	'--	DNA	'--	'--	0.14	aDNA Preparation Type	Yes	'--	'--	UV Spec	released	TCGA-05-4415-01A-22D	'--
TCGA-LUAD	d15b7b29-c5c5-41d8-b83b-7cc12fe92820	TCGA-05-4415	57e160f5-45fc-44ef-95c6-54e112e3b7f5	TCGA-05-4415-01A	fa322482-2162-4a8a-a730-dbc15297d851	TCGA-05-4415-01A-22	1.8	'--	e39ce2b3-f093-427a-973e-ba9b798c1d68	'--	RNA	'--	'--	0.15	Allprep RNA Extraction	Yes	1.68	9.6	UV Spec	released	TCGA-05-4415-01A-22R	'--
TCGA-LUAD	d15b7b29-c5c5-41d8-b83b-7cc12fe92820	TCGA-05-4415	dd13f373-f9b3-4263-8e0c-c925b2ae5fd1	TCGA-05-4415-10A	0f0cbb4f-f84e-4fdf-914b-3709ac8e9391	TCGA-05-4415-10A-01	'--	'--	3d008c8b-f886-417c-bede-9015125eb1be	'--	Repli-G (Qiagen) DNA	'--	'--	0.5	Repli-G	Yes	'--	'--	PicoGreen	released	TCGA-05-4415-10A-01W	'--
TCGA-LUAD	d15b7b29-c5c5-41d8-b83b-7cc12fe92820	TCGA-05-4415	dd13f373-f9b3-4263-8e0c-c925b2ae5fd1	TCGA-05-4415-10A	0f0cbb4f-f84e-4fdf-914b-3709ac8e9391	TCGA-05-4415-10A-01	1.8	'--	a683b288-0f68-4f2f-909e-fa2914eaf122	'--	DNA	'--	'--	0.14	Chemical Lysis DNA Extraction	Yes	'--	'--	UV Spec	released	TCGA-05-4415-10A-01D	'--
TCGA-LUAD	c9c533ee-e154-4a56-bce9-b5af37574b2f	TCGA-55-7913	38df0ceb-f530-4179-ab64-4f3508cab27f	TCGA-55-7913-10A	757f3df6-0962-4544-84d6-863f0582f0e1	TCGA-55-7913-10A-01	'--	'--	17c3339c-ed9a-4559-a736-12a7bfda9af7	'--	Repli-G (Qiagen) DNA	'--	'--	0.5	Repli-G	Yes	'--	'--	PicoGreen	released	TCGA-55-7913-10A-01W	'--
TCGA-LUAD	c9c533ee-e154-4a56-bce9-b5af37574b2f	TCGA-55-7913	38df0ceb-f530-4179-ab64-4f3508cab27f	TCGA-55-7913-10A	757f3df6-0962-4544-84d6-863f0582f0e1	TCGA-55-7913-10A-01	'--	'--	8fb65f5f-e35d-4a26-b55b-8033c7b1cad0	'--	DNA	'--	'--	0.17	Chemical Lysis DNA Extraction	Yes	'--	'--	PicoGreen	released	TCGA-55-7913-10A-01D	'--
TCGA-LUAD	c9c533ee-e154-4a56-bce9-b5af37574b2f	TCGA-55-7913	57940986-01d0-4517-9323-801d62bf40ba	TCGA-55-7913-11A	9ec9d7c6-e5a7-4992-81f5-9ee626b969a7	TCGA-55-7913-11A-01	'--	'--	c40592c3-70c5-4842-a1aa-274ca998dfbf	'--	DNA	'--	'--	0.16	aDNA Preparation Type	Yes	'--	'--	PicoGreen	released	TCGA-55-7913-11A-01D	'--
TCGA-LUAD	c9c533ee-e154-4a56-bce9-b5af37574b2f	TCGA-55-7913	57940986-01d0-4517-9323-801d62bf40ba	TCGA-55-7913-11A	9ec9d7c6-e5a7-4992-81f5-9ee626b969a7	TCGA-55-7913-11A-01	'--	'--	e63401fd-728d-4f0b-8105-b4522eac1ec0	'--	Repli-G (Qiagen) DNA	'--	'--	0.5	Repli-G	Yes	'--	'--	PicoGreen	released	TCGA-55-7913-11A-01W	'--
TCGA-LUAD	c9c533ee-e154-4a56-bce9-b5af37574b2f	TCGA-55-7913	e7a733ac-55e0-4395-ad3b-7cfc5b526d01	TCGA-55-7913-01B	e13a8264-207c-4a8c-a4c1-16521cde8479	TCGA-55-7913-01B-11	'--	'--	07b9f158-0302-4873-a4bd-ab00d218023a	'--	RNA	'--	'--	0.13	Allprep RNA Extraction	Yes	1.96	7.7	UV Spec	released	TCGA-55-7913-01B-11R	'--
TCGA-LUAD	c9c533ee-e154-4a56-bce9-b5af37574b2f	TCGA-55-7913	e7a733ac-55e0-4395-ad3b-7cfc5b526d01	TCGA-55-7913-01B	e13a8264-207c-4a8c-a4c1-16521cde8479	TCGA-55-7913-01B-11	'--	'--	59925aa4-37a4-4023-9d2e-0b6445b34ade	'--	DNA	'--	'--	0.17	aDNA Preparation Type	Yes	'--	'--	PicoGreen	released	TCGA-55-7913-01B-11D	'--
TCGA-LUAD	c9c533ee-e154-4a56-bce9-b5af37574b2f	TCGA-55-7913	e7a733ac-55e0-4395-ad3b-7cfc5b526d01	TCGA-55-7913-01B	e13a8264-207c-4a8c-a4c1-16521cde8479	TCGA-55-7913-01B-11	'--	'--	79395316-5aa3-4071-a047-9b7b394fecc1	'--	RNA	'--	'--	0.15	mirVana (Allprep DNA) RNA	Yes	1.83	7.2	UV Spec	released	TCGA-55-7913-01B-11H	'--
TCGA-LUAD	c9c533ee-e154-4a56-bce9-b5af37574b2f	TCGA-55-7913	e7a733ac-55e0-4395-ad3b-7cfc5b526d01	TCGA-55-7913-01B	e13a8264-207c-4a8c-a4c1-16521cde8479	TCGA-55-7913-01B-11	'--	'--	dc5089d2-997a-4e27-b799-362487a0c027	'--	Repli-G (Qiagen) DNA	'--	'--	0.5	Repli-G	Yes	'--	'--	PicoGreen	released	TCGA-55-7913-01B-11W	'--
TCGA-BLCA	e1540865-69c2-4b60-a78e-97d0ce2957dc	TCGA-G2-AA3D	617a0696-dcd9-4d61-aaab-6d9418f58ebf	TCGA-G2-AA3D-10A	a1de409d-0c7a-4903-9d03-452bcf21053d	TCGA-G2-AA3D-10A-01	'--	'--	10a48265-ca2c-4e2f-be3b-bd85326eb7cb	'--	Repli-G (Qiagen) DNA	'--	'--	'--	Repli-G	Yes	'--	'--	'--	released	TCGA-G2-AA3D-10A-01W	'--
TCGA-BLCA	e1540865-69c2-4b60-a78e-97d0ce2957dc	TCGA-G2-AA3D	617a0696-dcd9-4d61-aaab-6d9418f58ebf	TCGA-G2-AA3D-10A	a1de409d-0c7a-4903-9d03-452bcf21053d	TCGA-G2-AA3D-10A-01	'--	'--	468f62b7-aec8-42f8-a028-0c57352d184c	'--	DNA	'--	'--	0.16	aDNA Preparation Type	Yes	'--	'--	PicoGreen	released	TCGA-G2-AA3D-10A-01D	'--
TCGA-BLCA	e1540865-69c2-4b60-a78e-97d0ce2957dc	TCGA-G2-AA3D	678f654e-8792-4041-8cfb-09fe2c3ba7f4	TCGA-G2-AA3D-01A	c0fc8999-450a-4b04-84bf-c3d1c0d3d85d	TCGA-G2-AA3D-01A-11	'--	'--	36bb9d89-ca0f-4106-875e-70a37edda4c4	'--	Repli-G (Qiagen) DNA	'--	'--	'--	Repli-G	Yes	'--	'--	'--	released	TCGA-G2-AA3D-01A-11W	'--
TCGA-BLCA	e1540865-69c2-4b60-a78e-97d0ce2957dc	TCGA-G2-AA3D	678f654e-8792-4041-8cfb-09fe2c3ba7f4	TCGA-G2-AA3D-01A	c0fc8999-450a-4b04-84bf-c3d1c0d3d85d	TCGA-G2-AA3D-01A-11	1.86	'--	b8159f32-f195-43b5-9a37-bc22c2a53287	'--	RNA	'--	'--	0.16	mirVana (Allprep DNA) RNA	Yes	1.75	8.1	UV Spec	released	TCGA-G2-AA3D-01A-11R	'--
TCGA-BLCA	e1540865-69c2-4b60-a78e-97d0ce2957dc	TCGA-G2-AA3D	678f654e-8792-4041-8cfb-09fe2c3ba7f4	TCGA-G2-AA3D-01A	c0fc8999-450a-4b04-84bf-c3d1c0d3d85d	TCGA-G2-AA3D-01A-11	'--	'--	d15f93c8-3cf6-4d82-93da-8113fe1f6642	'--	DNA	'--	'--	0.16	aDNA Preparation Type	Yes	'--	'--	PicoGreen	released	TCGA-G2-AA3D-01A-11D	'--
TCGA-LUSC	806e9c81-a76f-42d1-bc4d-8687b950b980	TCGA-85-8479	1f4cc916-8378-4eb0-a01c-3a96cc6cc84a	TCGA-85-8479-10A	d6946a5a-2210-4b95-9e4b-a30d13a7dfd7	TCGA-85-8479-10A-01	'--	'--	034824b4-f9eb-4dd1-b09d-e80da71fcf3f	'--	DNA	'--	'--	0.15	'--	'--	'--	'--	PicoGreen	released	TCGA-85-8479-10A-01D	'--
TCGA-LUSC	806e9c81-a76f-42d1-bc4d-8687b950b980	TCGA-85-8479	1f4cc916-8378-4eb0-a01c-3a96cc6cc84a	TCGA-85-8479-10A	d6946a5a-2210-4b95-9e4b-a30d13a7dfd7	TCGA-85-8479-10A-01	'--	'--	9158209e-b044-4938-ad79-64b6d731bd23	'--	Repli-G (Qiagen) DNA	'--	'--	0.5	'--	'--	'--	'--	PicoGreen	released	TCGA-85-8479-10A-01W	'--
TCGA-LUSC	806e9c81-a76f-42d1-bc4d-8687b950b980	TCGA-85-8479	5c454326-14ee-42a9-a736-93388f49ad81	TCGA-85-8479-01A	4e57de08-00e3-455e-bc1f-836822769516	TCGA-85-8479-01A-11	'--	'--	351b34fc-b082-4d35-a417-18ede72ec744	'--	DNA	'--	'--	0.18	'--	'--	'--	'--	PicoGreen	released	TCGA-85-8479-01A-11D	'--
TCGA-LUSC	806e9c81-a76f-42d1-bc4d-8687b950b980	TCGA-85-8479	5c454326-14ee-42a9-a736-93388f49ad81	TCGA-85-8479-01A	4e57de08-00e3-455e-bc1f-836822769516	TCGA-85-8479-01A-11	'--	'--	374201c5-e29d-48f2-bc43-b1eb63377f65	'--	RNA	'--	'--	0.15	'--	'--	'--	'--	UV Spec	released	TCGA-85-8479-01A-11H	'--
TCGA-LUSC	806e9c81-a76f-42d1-bc4d-8687b950b980	TCGA-85-8479	5c454326-14ee-42a9-a736-93388f49ad81	TCGA-85-8479-01A	4e57de08-00e3-455e-bc1f-836822769516	TCGA-85-8479-01A-11	'--	'--	7efd1c55-3929-43a5-a567-0e821ec68879	'--	RNA	'--	'--	0.14	'--	'--	'--	'--	UV Spec	released	TCGA-85-8479-01A-11R	'--
TCGA-LUSC	806e9c81-a76f-42d1-bc4d-8687b950b980	TCGA-85-8479	5c454326-14ee-42a9-a736-93388f49ad81	TCGA-85-8479-01A	4e57de08-00e3-455e-bc1f-836822769516	TCGA-85-8479-01A-11	'--	'--	d936610f-1354-43ae-9f86-b65bc2e984b7	'--	Repli-G (Qiagen) DNA	'--	'--	0.5	'--	'--	'--	'--	PicoGreen	released	TCGA-85-8479-01A-11W	'--
TCGA-COAD	7ad0617e-bc4a-4869-8419-744f04d9b7a3	TCGA-AZ-6601	3d8a2ec0-3d65-46e1-8b87-fa7e318d249e	TCGA-AZ-6601-11A	a411c669-b17d-4ff0-9bc1-71749693572f	TCGA-AZ-6601-11A-01	1.3	'--	03d9618b-89ac-443c-bed8-0051998989a6	'--	RNA	'--	'--	0.13	Allprep RNA Extraction	Yes	1.4	8.2	UV Spec	released	TCGA-AZ-6601-11A-01R	'--
TCGA-COAD	7ad0617e-bc4a-4869-8419-744f04d9b7a3	TCGA-AZ-6601	3d8a2ec0-3d65-46e1-8b87-fa7e318d249e	TCGA-AZ-6601-11A	a411c669-b17d-4ff0-9bc1-71749693572f	TCGA-AZ-6601-11A-01	'--	'--	3ea6f72d-5237-4c9a-9031-f7fbcca943f5	'--	Repli-G (Qiagen) DNA	'--	'--	0.5	Repli-G	Yes	'--	'--	UV Spec	released	TCGA-AZ-6601-11A-01W	'--
TCGA-COAD	7ad0617e-bc4a-4869-8419-744f04d9b7a3	TCGA-AZ-6601	3d8a2ec0-3d65-46e1-8b87-fa7e318d249e	TCGA-AZ-6601-11A	a411c669-b17d-4ff0-9bc1-71749693572f	TCGA-AZ-6601-11A-01	1.9	'--	c004954f-bad4-41a9-9084-93e80cdef2af	'--	DNA	'--	'--	0.15	aDNA Preparation Type	Yes	'--	'--	UV Spec	released	TCGA-AZ-6601-11A-01D	'--
TCGA-COAD	7ad0617e-bc4a-4869-8419-744f04d9b7a3	TCGA-AZ-6601	dc23bafb-2cfb-4c1b-9e66-b9cab22ae855	TCGA-AZ-6601-01A	b6906405-562e-4b58-a056-d9f71cb9e896	TCGA-AZ-6601-01A-11	1.6	'--	505677b5-cbde-4ed5-b948-f4c08cd63126	'--	RNA	'--	'--	0.14	Allprep RNA Extraction	Yes	1.61	9.0	UV Spec	released	TCGA-AZ-6601-01A-11R	'--
TCGA-COAD	7ad0617e-bc4a-4869-8419-744f04d9b7a3	TCGA-AZ-6601	dc23bafb-2cfb-4c1b-9e66-b9cab22ae855	TCGA-AZ-6601-01A	b6906405-562e-4b58-a056-d9f71cb9e896	TCGA-AZ-6601-01A-11	1.7	'--	87f6ac3c-b303-452a-a0d2-f2726c987938	'--	RNA	'--	'--	0.15	mirVana (Allprep DNA) RNA	Yes	1.61	9.0	UV Spec	released	TCGA-AZ-6601-01A-11H	'--
TCGA-COAD	7ad0617e-bc4a-4869-8419-744f04d9b7a3	TCGA-AZ-6601	dc23bafb-2cfb-4c1b-9e66-b9cab22ae855	TCGA-AZ-6601-01A	b6906405-562e-4b58-a056-d9f71cb9e896	TCGA-AZ-6601-01A-11	'--	'--	98f21309-4e88-4aa2-9851-6eaf90f76451	'--	Repli-G (Qiagen) DNA	'--	'--	0.5	Repli-G	Yes	'--	'--	UV Spec	released	TCGA-AZ-6601-01A-11W	'--
TCGA-COAD	7ad0617e-bc4a-4869-8419-744f04d9b7a3	TCGA-AZ-6601	dc23bafb-2cfb-4c1b-9e66-b9cab22ae855	TCGA-AZ-6601-01A	b6906405-562e-4b58-a056-d9f71cb9e896	TCGA-AZ-6601-01A-11	1.9	'--	bba20aed-c417-4f3f-a525-123d481104f7	'--	DNA	'--	'--	0.14	aDNA Preparation Type	Yes	'--	'--	UV Spec	released	TCGA-AZ-6601-01A-11D	'--
TCGA-GBM	c9e4f0bf-48fc-4600-9e03-314bc575273f	TCGA-28-5215	5739bcd5-23b4-4a94-94e0-0ca261179f85	TCGA-28-5215-01A	f67a1cf9-3dad-4554-be3c-34f4f5b934b1	TCGA-28-5215-01A-01	1.9	'--	0fac43e5-62f3-4d4d-821b-37b41e460c79	'--	DNA	'--	'--	0.15	aDNA Preparation Type	Yes	'--	'--	UV Spec	released	TCGA-28-5215-01A-01D	'--
TCGA-GBM	c9e4f0bf-48fc-4600-9e03-314bc575273f	TCGA-28-5215	5739bcd5-23b4-4a94-94e0-0ca261179f85	TCGA-28-5215-01A	f67a1cf9-3dad-4554-be3c-34f4f5b934b1	TCGA-28-5215-01A-01	1.8	'--	1bf797de-e59f-4ff2-be02-19b3ef33d51b	'--	RNA	'--	'--	0.15	Allprep RNA Extraction	Yes	1.8	8.6	UV Spec	released	TCGA-28-5215-01A-01R	'--
TCGA-GBM	c9e4f0bf-48fc-4600-9e03-314bc575273f	TCGA-28-5215	5739bcd5-23b4-4a94-94e0-0ca261179f85	TCGA-28-5215-01A	f67a1cf9-3dad-4554-be3c-34f4f5b934b1	TCGA-28-5215-01A-01	'--	'--	70647e51-9283-43a6-9a12-bae20d0fd468	'--	Total RNA	'--	'--	0.1	Total RNA	Yes	1.2	5.7	UV Spec	released	TCGA-28-5215-01A-01T	'--
TCGA-GBM	c9e4f0bf-48fc-4600-9e03-314bc575273f	TCGA-28-5215	c637ef00-1140-435c-92ff-7b2a123cfaf9	TCGA-28-5215-10A	30789e32-2ff1-47da-81cc-58c49f17a373	TCGA-28-5215-10A-01	1.9	'--	4bbeac9e-fc0d-4a18-a3f8-1c1f79df8e37	'--	DNA	'--	'--	0.15	Chemical Lysis DNA Extraction	Yes	'--	'--	UV Spec	released	TCGA-28-5215-10A-01D	'--
